id,level,bs,cloze,answer,de,en,tr,sv,nl,nb,da,fr,audio
s0001,basics,Dobar dan,Dobar ___,dan,Guten Tag,Good day,İyi günler,God dag,Goedendag,God dag,Goddag,Bonjour,web/audio/w0002.mp3
s0002,basics,"Merhaba, kako si?","___, kako si?",Merhaba,"Hallo, wie geht's dir?","Hello, how are you?","Merhaba, nasılsın?","Hej, hur mår du?","Hallo, hoe gaat het met je?","Hei, hvordan går det med deg?","Hej, hvordan går det med dig?","Salut, comment ça va ?",web/audio/w1097.mp3
s0003,basics,Kako si?,Kako ___?,si,Wie geht's dir?,How are you?,Nasılsın?,Hur mår du?,Hoe gaat het met je?,Hvordan går det med deg?,Hvordan går det med dig?,Comment vas-tu ?,web/audio/w0017.mp3
s0004,basics,Hvala puno!,Hvala ___!,puno,Vielen Dank!,Thank you very much!,Çok teşekkürler!,Tack så mycket!,Hartelijk dank!,Tusen takk!,Mange tak!,Merci beaucoup !,web/audio/w1098.mp3
s0005,basics,Laku noć!,Laku ___!,noć,Gute Nacht!,Good night!,İyi geceler!,God natt!,Welterusten!,God natt!,Godnat!,Bonne nuit !,web/audio/w1099.mp3
s0006,basics,Zovem se Amina.,Zovem ___ Amina.,se,Ich heiße Amina.,My name is Amina.,Benim adım Amina.,Jag heter Amina.,Ik heet Amina.,Jeg heter Amina.,Jeg hedder Amina.,Je m'appelle Amina.,web/audio/w1100.mp3
s0007,basics,Ne razumijem.,Ne ___.,razumijem,Ich verstehe nicht.,I do not understand.,Anlamıyorum.,Jag förstår inte.,Ik begrijp het niet.,Jeg forstår ikke.,Jeg forstår ikke.,Je ne comprends pas.,web/audio/w1101.mp3
s0008,basics,Drago mi je.,Drago ___ je.,mi,Freut mich.,Nice to meet you.,Memnun oldum.,Trevligt att träffas.,Aangenaam.,Hyggelig å møte deg.,Hyggeligt at møde dig.,Enchanté.,web/audio/w1102.mp3
s0009,basics,Dobro jutro!,Dobro ___!,jutro,Guten Morgen!,Good morning!,Günaydın!,God morgon!,Goedemorgen!,God morgen!,Godmorgen!,Bonjour !,web/audio/w1103.mp3
s0010,basics,Nema na čemu.,Nema na ___.,čemu,Gern geschehen.,You are welcome.,Rica ederim.,Ingen orsak.,Graag gedaan.,Ingen årsak.,Selv tak.,De rien.,web/audio/w1104.mp3
s0011,zahlen,"Jedan, dva, tri","Jedan, dva, ___",tri,"eins, zwei, drei","one, two, three","bir, iki, üç","ett, två, tre","een, twee, drie","en, to, tre","en, to, tre","un, deux, trois",web/audio/w1105.mp3
s0012,zahlen,Pet i pet je deset.,___ i pet je deset.,Pet,Fünf und fünf ist zehn.,Five and five is ten.,Beş artı beş on eder.,Fem plus fem är tio.,Vijf plus vijf is tien.,Fem pluss fem er ti.,Fem plus fem er ti.,Cinq et cinq font dix.,web/audio/w1106.mp3
s0013,zahlen,"Sedam, osam, devet","Sedam, osam, ___",devet,"sieben, acht, neun","seven, eight, nine","yedi, sekiz, dokuz","sju, åtta, nio","zeven, acht, negen","sju, åtte, ni","syv, otte, ni","sept, huit, neuf",web/audio/w1107.mp3
s0014,zahlen,"Deset, dvadeset, trideset","Deset, ___, trideset",dvadeset,"zehn, zwanzig, dreißig","ten, twenty, thirty","on, yirmi, otuz","tio, tjugo, trettio","tien, twintig, dertig","ti, tjue, tretti","ti, tyve, tredive","dix, vingt, trente",web/audio/w1108.mp3
s0015,zahlen,Dva i dva su četiri.,Dva i dva su ___.,četiri,Zwei und zwei sind vier.,Two and two are four.,İki artı iki dört eder.,Två plus två är fyra.,Twee plus twee is vier.,To pluss to er fire.,To plus to er fire.,Deux et deux font quatre.,web/audio/w1109.mp3
s0016,wochentage,"Ponedjeljak, utorak, srijeda","Ponedjeljak, ___, srijeda",utorak,"Montag, Dienstag, Mittwoch","Monday, Tuesday, Wednesday","Pazartesi, salı, çarşamba","måndag, tisdag, onsdag","maandag, dinsdag, woensdag","mandag, tirsdag, onsdag","mandag, tirsdag, onsdag","lundi, mardi, mercredi",web/audio/w1110.mp3
s0017,wochentage,Subota i nedjelja su vikend.,Subota i ___ su vikend.,nedjelja,Samstag und Sonntag sind Wochenende.,Saturday and Sunday are the weekend.,Cumartesi ve pazar hafta sonudur.,Lördag och söndag är helg.,Zaterdag en zondag zijn het weekend.,Lørdag og søndag er helg.,Lørdag og søndag er weekend.,"Samedi et dimanche, c'est le week-end.",web/audio/w1111.mp3
s0018,wochentage,Poslije četvrtka dolazi petak.,Poslije četvrtka dolazi ___.,petak,Nach Donnerstag kommt Freitag.,After Thursday comes Friday.,Perşembeden sonra cuma gelir.,Efter torsdag kommer fredag.,Na donderdag komt vrijdag.,Etter torsdag kommer fredag.,Efter torsdag kommer fredag.,Après jeudi vient vendredi.,web/audio/w1112.mp3
s0019,monate,"Januar, februar, mart","Januar, ___, mart",februar,"Januar, Februar, März","January, February, March","Ocak, şubat, mart","januari, februari, mars","januari, februari, maart","januar, februar, mars","januar, februar, marts","janvier, février, mars",web/audio/w1113.mp3
s0020,monate,Poslije maja dolazi juni.,Poslije maja dolazi ___.,juni,Nach Mai kommt Juni.,After May comes June.,Mayıstan sonra haziran gelir.,Efter maj kommer juni.,Na mei komt juni.,Etter mai kommer juni.,Efter maj kommer juni.,Après mai vient juin.,web/audio/w1114.mp3
s0021,monate,Decembar je zadnji mjesec u godini.,___ je zadnji mjesec u godini.,Decembar,Dezember ist der letzte Monat im Jahr.,December is the last month of the year.,Aralık yılın son ayıdır.,December är årets sista månad.,December is de laatste maand van het jaar.,Desember er den siste måneden i året.,December er årets sidste måned.,Décembre est le dernier mois de l'année.,web/audio/w1115.mp3
s0022,zeit,Koliko je sati?,Koliko je ___?,sati,Wie spät ist es?,What time is it?,Saat kaç?,Vad är klockan?,Hoe laat is het?,Hva er klokka?,Hvad er klokken?,Quelle heure est-il ?,web/audio/w0165.mp3
s0023,zeit,Sada je pet sati.,Sada je ___ sati.,pet,Jetzt ist es fünf Uhr.,It is five o'clock now.,Şimdi saat beş.,Klockan är fem nu.,Het is nu vijf uur.,Klokka er fem nå.,Klokken er fem nu.,Il est cinq heures.,web/audio/w1116.mp3
s0024,zeit,U subotu je vikend.,U ___ je vikend.,subotu,Am Samstag ist Wochenende.,Saturday is the weekend.,Cumartesi hafta sonudur.,På lördag är det helg.,Op zaterdag is het weekend.,På lørdag er det helg.,Om lørdagen er der weekend.,"Samedi, c'est le week-end.",web/audio/w1117.mp3
s0025,zeit,Vidimo se sutra!,Vidimo se ___!,sutra,Wir sehen uns morgen!,See you tomorrow!,Yarın görüşürüz!,Vi ses i morgon!,Tot morgen!,Vi ses i morgen!,Vi ses i morgen!,À demain !,web/audio/w0166.mp3
s0026,zeit,Danas je lijep dan.,___ je lijep dan.,Danas,Heute ist ein schöner Tag.,Today is a beautiful day.,Bugün güzel bir gün.,I dag är en fin dag.,Vandaag is een mooie dag.,I dag er en fin dag.,I dag er en dejlig dag.,"Aujourd'hui, c'est une belle journée.",web/audio/w1118.mp3
s0027,familie,Moja sestra se zove Amina.,Moja ___ se zove Amina.,sestra,Meine Schwester heißt Amina.,My sister's name is Amina.,Kız kardeşimin adı Amina.,Min syster heter Amina.,Mijn zus heet Amina.,Søsteren min heter Amina.,Min søster hedder Amina.,Ma sœur s'appelle Amina.,web/audio/w1119.mp3
s0028,familie,Moj muž se zove Ajdin.,Moj ___ se zove Ajdin.,muž,Mein Mann heißt Ajdin.,My husband's name is Ajdin.,Eşimin adı Ajdin.,Min man heter Ajdin.,Mijn man heet Ajdin.,Mannen min heter Ajdin.,Min mand hedder Ajdin.,Mon mari s'appelle Ajdin.,web/audio/w1120.mp3
s0029,familie,Moj amidža je pčelar.,Moj ___ je pčelar.,amidža,Mein Onkel (Vaterseite) ist Imker.,My uncle (father's side) is a beekeeper.,Amcam arıcı.,Min farbror är biodlare.,Mijn oom is imker.,Onkelen min (på farssiden) er birøkter.,Min onkel er biavler.,Mon oncle paternel est apiculteur.,web/audio/w1121.mp3
s0030,familie,Moja majka i moj babo.,Moja majka i moj ___.,babo,Meine Mutter und mein Papa.,My mother and my dad.,Annem ve babam.,Min mor och min pappa.,Mijn moeder en mijn papa.,Moren min og pappaen min.,Min mor og min far.,Ma mère et mon papa.,web/audio/w1122.mp3
s0031,essen,Hljeb i sir.,Hljeb i ___.,sir,Brot und Käse.,Bread and cheese.,Ekmek ve peynir.,Bröd och ost.,Brood en kaas.,Brød og ost.,Brød og ost.,Du pain et du fromage.,web/audio/w1123.mp3
s0032,essen,"Dvije kahve, molim.","___ kahve, molim.",Dvije,"Zwei Kaffee, bitte.","Two coffees, please.","İki kahve, lütfen.","Två kaffe, tack.","Twee koffie, alstublieft.","To kaffe, takk.","To kaffe, tak.","Deux cafés, s'il vous plaît.",web/audio/w1124.mp3
s0033,essen,"Račun, molim.","Račun, ___.",molim,"Die Rechnung, bitte.","The check, please.","Hesap, lütfen.","Notan, tack.","De rekening, alstublieft.","Regningen, takk.","Regningen, tak.","L'addition, s'il vous plaît.",web/audio/w1125.mp3
s0034,essen,Voda je hladna.,___ je hladna.,Voda,Das Wasser ist kalt.,The water is cold.,Su soğuk.,Vattnet är kallt.,Het water is koud.,Vannet er kaldt.,Vandet er koldt.,L'eau est froide.,web/audio/w1126.mp3
s0035,essen,Gladna sam.,Gladna ___.,sam,Ich habe Hunger. (Frau),I am hungry. (female speaker),Açım. (kadın),Jag är hungrig. (kvinna),Ik heb honger. (vrouw),Jeg er sulten. (kvinne),Jeg er sulten. (kvinde),J'ai faim. (femme),web/audio/w1127.mp3
s0036,essen,"Jednu kahvu, molim.","Jednu ___, molim.",kahvu,"Einen Kaffee, bitte.","One coffee, please.","Bir kahve, lütfen.","En kaffe, tack.","Eén koffie, alstublieft.","En kaffe, takk.","En kaffe, tak.","Un café, s'il vous plaît.",web/audio/w1128.mp3
s0037,farben,Trava je zelena.,Trava je ___.,zelena,Das Gras ist grün.,The grass is green.,Çimen yeşil.,Gräset är grönt.,Het gras is groen.,Gresset er grønt.,Græsset er grønt.,L'herbe est verte.,web/audio/w1129.mp3
s0038,farben,Jabuka je crvena.,Jabuka je ___.,crvena,Der Apfel ist rot.,The apple is red.,Elma kırmızı.,Äpplet är rött.,De appel is rood.,Eplet er rødt.,Æblet er rødt.,La pomme est rouge.,web/audio/w1130.mp3
s0039,farben,Kahva je crna.,Kahva je ___.,crna,Der Kaffee ist schwarz.,The coffee is black.,Kahve siyah.,Kaffet är svart.,De koffie is zwart.,Kaffen er svart.,Kaffen er sort.,Le café est noir.,web/audio/w1131.mp3
s0040,farben,Banana je žuta.,Banana je ___.,žuta,Die Banane ist gelb.,The banana is yellow.,Muz sarı.,Bananen är gul.,De banaan is geel.,Bananen er gul.,Bananen er gul.,La banane est jaune.,web/audio/w1132.mp3
s0041,unterwegs,Gdje je stanica?,Gdje je ___?,stanica,Wo ist die Haltestelle?,Where is the stop?,Durak nerede?,Var är hållplatsen?,Waar is de halte?,Hvor er holdeplassen?,Hvor er stoppestedet?,Où est l'arrêt ?,web/audio/w1133.mp3
s0042,unterwegs,Koliko košta?,Koliko ___?,košta,Wie viel kostet das?,How much does it cost?,Bu kaça?,Vad kostar det?,Hoeveel kost dat?,Hva koster det?,Hvad koster det?,Ça coûte combien ?,web/audio/w0284.mp3
s0043,unterwegs,Skreni lijevo.,Skreni ___.,lijevo,Bieg links ab.,Turn left.,Sola dön.,Sväng vänster.,Sla linksaf.,Ta til venstre.,Drej til venstre.,Tourne à gauche.,web/audio/w1134.mp3
s0044,verben,Ja govorim bosanski.,Ja ___ bosanski.,govorim,Ich spreche Bosnisch.,I speak Bosnian.,Boşnakça konuşuyorum.,Jag talar bosniska.,Ik spreek Bosnisch.,Jeg snakker bosnisk.,Jeg taler bosnisk.,Je parle bosnien.,web/audio/w1135.mp3
s0045,verben,Ja pijem kahvu.,Ja ___ kahvu.,pijem,Ich trinke Kaffee.,I drink coffee.,Kahve içiyorum.,Jag dricker kaffe.,Ik drink koffie.,Jeg drikker kaffe.,Jeg drikker kaffe.,Je bois du café.,web/audio/w1136.mp3
s0046,verben,Mi učimo bosanski.,Mi ___ bosanski.,učimo,Wir lernen Bosnisch.,We are learning Bosnian.,Boşnakça öğreniyoruz.,Vi lär oss bosniska.,Wij leren Bosnisch.,Vi lærer bosnisk.,Vi lærer bosnisk.,Nous apprenons le bosnien.,web/audio/w1137.mp3
s0047,smalltalk,Volim te.,Volim ___.,te,Ich liebe dich.,I love you.,Seni seviyorum.,Jag älskar dig.,Ik hou van je.,Jeg elsker deg.,Jeg elsker dig.,Je t'aime.,web/audio/w1138.mp3
s0048,smalltalk,Nedostaješ mi.,___ mi.,Nedostaješ,Ich vermisse dich.,I miss you.,Seni özledim.,Jag saknar dig.,Ik mis je.,Jeg savner deg.,Jeg savner dig.,Tu me manques.,web/audio/w1139.mp3
s0049,smalltalk,Nema problema.,Nema ___.,problema,Kein Problem.,No problem.,Sorun değil.,Inga problem.,Geen probleem.,Ikke noe problem.,Intet problem.,Pas de problème.,web/audio/w1140.mp3
s0050,smalltalk,Šta radiš?,Šta ___?,radiš,Was machst du?,What are you doing?,Ne yapıyorsun?,Vad gör du?,Wat doe je?,Hva gjør du?,Hvad laver du?,Qu'est-ce que tu fais ?,web/audio/w0319.mp3
s0051,smalltalk,"Hajde, idemo!","___, idemo!",Hajde,"Komm, wir gehen!","Come on, let's go!",Hadi gidelim!,"Kom, vi går!","Kom, we gaan!","Kom, vi går!","Kom, vi går!","Allez, on y va !",web/audio/w1141.mp3
s0052,zuhause,Gdje je ključ?,Gdje je ___?,ključ,Wo ist der Schlüssel?,Where is the key?,Anahtar nerede?,Var är nyckeln?,Waar is de sleutel?,Hvor er nøkkelen?,Hvor er nøglen?,Où est la clé ?,web/audio/w1142.mp3
s0053,zuhause,Ovo je moja soba.,Ovo je moja ___.,soba,Das ist mein Zimmer.,This is my room.,Bu benim odam.,Det här är mitt rum.,Dit is mijn kamer.,Dette er rommet mitt.,Det her er mit værelse.,C'est ma chambre.,web/audio/w1143.mp3
s0054,zuhause,Moj komšija je dobar čovjek.,Moj ___ je dobar čovjek.,komšija,Mein Nachbar ist ein guter Mensch.,My neighbor is a good person.,Komşum iyi bir insan.,Min granne är en bra människa.,Mijn buurman is een goed mens.,Naboen min er et godt menneske.,Min nabo er et godt menneske.,Mon voisin est quelqu'un de bien.,web/audio/w1144.mp3
s0055,koerper,Boli me glava.,Boli me ___.,glava,Mir tut der Kopf weh.,My head hurts.,Başım ağrıyor.,Jag har ont i huvudet.,Ik heb hoofdpijn.,Jeg har vondt i hodet.,Jeg har ondt i hovedet.,J'ai mal à la tête.,web/audio/w1145.mp3
s0056,koerper,Gdje je apoteka?,Gdje je ___?,apoteka,Wo ist die Apotheke?,Where is the pharmacy?,Eczane nerede?,Var ligger apoteket?,Waar is de apotheek?,Hvor er apoteket?,Hvor er apoteket?,Où est la pharmacie ?,web/audio/w1146.mp3
s0057,koerper,Brzo ozdravi!,Brzo ___!,ozdravi,Gute Besserung!,Get well soon!,Geçmiş olsun!,Krya på dig!,Beterschap!,God bedring!,God bedring!,Bon rétablissement !,web/audio/w0242.mp3
s0058,einkaufen,Kolika je cijena?,Kolika je ___?,cijena,Wie hoch ist der Preis?,What is the price?,Fiyat ne kadar?,Hur högt är priset?,Hoe hoog is de prijs?,Hvor høy er prisen?,Hvor høj er prisen?,Quel est le prix ?,web/audio/w1147.mp3
s0059,einkaufen,Tražim plavu haljinu.,Tražim ___ haljinu.,plavu,Ich suche ein blaues Kleid.,I am looking for a blue dress.,Mavi bir elbise arıyorum.,Jag letar efter en blå klänning.,Ik zoek een blauwe jurk.,Jeg ser etter en blå kjole.,Jeg leder efter en blå kjole.,Je cherche une robe bleue.,web/audio/w1148.mp3
s0060,einkaufen,Jakna košta pedeset maraka.,Jakna košta ___ maraka.,pedeset,Die Jacke kostet fünfzig Mark.,The jacket costs fifty marks.,Ceket elli mark.,Jackan kostar femtio mark.,De jas kost vijftig mark.,Jakka koster femti mark.,Jakken koster halvtreds mark.,La veste coûte cinquante marks.,web/audio/w1149.mp3
s0061,einkaufen,Mogu li platiti karticom?,Mogu li platiti ___?,karticom,Kann ich mit Karte zahlen?,Can I pay by card?,Kartla ödeyebilir miyim?,Kan jag betala med kort?,Kan ik met de pas betalen?,Kan jeg betale med kort?,Kan jeg betale med kort?,Je peux payer par carte ?,web/audio/w0269.mp3
s0062,einkaufen,Tražim cipele.,Tražim ___.,cipele,Ich suche Schuhe.,I am looking for shoes.,Ayakkabı arıyorum.,Jag letar efter skor.,Ik zoek schoenen.,Jeg ser etter sko.,Jeg leder efter sko.,Je cherche des chaussures.,web/audio/w1150.mp3
s0063,wetter,Pada kiša.,Pada ___.,kiša,Es regnet.,It is raining.,Yağmur yağıyor.,Det regnar.,Het regent.,Det regner.,Det regner.,Il pleut.,web/audio/w1151.mp3
s0064,wetter,Danas je hladno.,Danas je ___.,hladno,Heute ist es kalt.,It is cold today.,Bugün hava soğuk.,I dag är det kallt.,Vandaag is het koud.,I dag er det kaldt.,I dag er det koldt.,Aujourd'hui il fait froid.,web/audio/w1152.mp3
s0065,wetter,Nebo je plavo.,___ je plavo.,Nebo,Der Himmel ist blau.,The sky is blue.,Gökyüzü mavi.,Himlen är blå.,De hemel is blauw.,Himmelen er blå.,Himlen er blå.,Le ciel est bleu.,web/audio/w1153.mp3
s0066,arbeit,Sutra radim.,Sutra ___.,radim,Morgen arbeite ich.,Tomorrow I work.,Yarın çalışıyorum.,I morgon arbetar jag.,Morgen werk ik.,I morgen arbeider jeg.,I morgen arbejder jeg.,Demain je travaille.,web/audio/w1154.mp3
s0067,arbeit,Imam ispit.,Imam ___.,ispit,Ich habe eine Prüfung.,I have an exam.,Sınavım var.,Jag har ett prov.,Ik heb een examen.,Jeg har en eksamen.,Jeg har en eksamen.,J'ai un examen.,web/audio/w1155.mp3
s0068,arbeit,Šta si po zanimanju?,Šta si po ___?,zanimanju,Was bist du von Beruf?,What do you do for a living?,Mesleğin ne?,Vad jobbar du med?,Wat voor werk doe je?,Hva jobber du med?,Hvad arbejder du med?,Qu'est-ce que tu fais comme métier ?,web/audio/w0898.mp3
s0069,formell,Kako ste?,Kako ___?,ste,Wie geht es Ihnen?,How are you? (formal),Nasılsınız?,Hur mår ni? (artigt),Hoe gaat het met u?,Hvordan går det med Dem?,Hvordan går det med Dem?,Comment allez-vous ?,web/audio/w0018.mp3
s0070,formell,Možete li mi pomoći?,Možete li mi ___?,pomoći,Können Sie mir helfen?,Can you help me?,Bana yardım edebilir misiniz?,Kan ni hjälpa mig?,Kunt u mij helpen?,Kan De hjelpe meg?,Kan De hjælpe mig?,Pouvez-vous m'aider ?,web/audio/w0941.mp3
s0071,formell,S poštovanjem.,S ___.,poštovanjem,Mit freundlichen Grüßen.,Yours sincerely.,Saygılarımla.,Med vänliga hälsningar.,Met vriendelijke groet.,Med vennlig hilsen.,Med venlig hilsen.,Cordialement.,web/audio/w1156.mp3
s0072,formell,"Izvinite, molim Vas.","___, molim Vas.",Izvinite,"Entschuldigen Sie, bitte.","Excuse me, please.","Affedersiniz, lütfen.",Ursäkta mig.,Neemt u mij niet kwalijk.,Unnskyld meg.,Undskyld mig.,"Excusez-moi, s'il vous plaît.",web/audio/w1157.mp3
s0073,saetze,Imam dva brata.,Imam ___ brata.,dva,Ich habe zwei Brüder.,I have two brothers.,İki erkek kardeşim var.,Jag har två bröder.,Ik heb twee broers.,Jeg har to brødre.,Jeg har to brødre.,J'ai deux frères.,web/audio/w1158.mp3
s0074,saetze,Jedemo u sedam sati.,Jedemo u ___ sati.,sedam,Wir essen um sieben Uhr.,We eat at seven o'clock.,Saat yedide yemek yiyoruz.,Vi äter klockan sju.,We eten om zeven uur.,Vi spiser klokka sju.,Vi spiser klokken syv.,Nous mangeons à sept heures.,web/audio/w1159.mp3
s0075,saetze,U ponedjeljak idem na posao.,U ___ idem na posao.,ponedjeljak,Am Montag gehe ich zur Arbeit.,On Monday I go to work.,Pazartesi işe gidiyorum.,På måndag går jag till jobbet.,Op maandag ga ik naar het werk.,På mandag går jeg på jobb.,Om mandagen tager jeg på arbejde.,"Le lundi, je vais au travail.",web/audio/w1160.mp3
s0076,saetze,Gdje je crvena torba?,Gdje je ___ torba?,crvena,Wo ist die rote Tasche?,Where is the red bag?,Kırmızı çanta nerede?,Var är den röda väskan?,Waar is de rode tas?,Hvor er den røde veska?,Hvor er den røde taske?,Où est le sac rouge ?,web/audio/w0917.mp3
s0077,saetze,Moja nana stanuje u selu.,Moja ___ stanuje u selu.,nana,Meine Oma wohnt im Dorf.,My grandma lives in the village.,Ninem köyde oturuyor.,Min mormor bor i byn.,Mijn oma woont in het dorp.,Bestemoren min bor i landsbyen.,Min bedstemor bor i landsbyen.,Ma grand-mère habite au village.,web/audio/w1161.mp3
s0078,saetze,Danas je hladno i pada kiša.,Danas je hladno i pada ___.,kiša,Heute ist es kalt und es regnet.,Today it is cold and it is raining.,Bugün hava soğuk ve yağmur yağıyor.,I dag är det kallt och det regnar.,Vandaag is het koud en het regent.,I dag er det kaldt og det regner.,"I dag er det koldt, og det regner.",Aujourd'hui il fait froid et il pleut.,web/audio/w1162.mp3
s0079,saetze,Koliko košta hljeb?,Koliko ___ hljeb?,košta,Wie viel kostet das Brot?,How much does the bread cost?,Ekmek kaça?,Vad kostar brödet?,Hoeveel kost het brood?,Hva koster brødet?,Hvad koster brødet?,Combien coûte le pain ?,web/audio/w0918.mp3
s0080,saetze,Učim bosanski svaki dan.,___ bosanski svaki dan.,Učim,Ich lerne jeden Tag Bosnisch.,I study Bosnian every day.,Her gün Boşnakça öğreniyorum.,Jag pluggar bosniska varje dag.,Ik leer elke dag Bosnisch.,Jeg lærer bosnisk hver dag.,Jeg lærer bosnisk hver dag.,J'apprends le bosnien chaque jour.,web/audio/w1163.mp3
s0081,amt,Trebam potvrdu.,Trebam ___.,potvrdu,Ich brauche eine Bescheinigung.,I need a certificate.,Bir belgeye ihtiyacım var.,Jag behöver ett intyg.,Ik heb een verklaring nodig.,Jeg trenger en attest.,Jeg har brug for en attest.,J'ai besoin d'une attestation.,web/audio/w1164.mp3
s0082,amt,Imam termin u ponedjeljak u deset sati.,Imam ___ u ponedjeljak u deset sati.,termin,Ich habe am Montag um zehn Uhr einen Termin.,I have an appointment on Monday at ten o'clock.,Pazartesi saat onda randevum var.,Jag har en tid på måndag klockan tio.,Ik heb op maandag om tien uur een afspraak.,Jeg har time på mandag klokka ti.,Jeg har en tid på mandag klokken ti.,J'ai un rendez-vous lundi à dix heures.,web/audio/w1165.mp3
s0083,amt,Taksa za pasoš je trideset maraka.,___ za pasoš je trideset maraka.,Taksa,Die Gebühr für den Pass beträgt dreißig Mark.,The fee for the passport is thirty marks.,Pasaport harcı otuz mark.,Avgiften för passet är trettio mark.,De leges voor het paspoort zijn dertig mark.,Gebyret for passet er tretti mark.,Gebyret for passet er tredive mark.,Les frais pour le passeport s'élèvent à trente marks.,web/audio/w1166.mp3
s0084,amt,Gdje trebam potpisati?,Gdje trebam ___?,potpisati,Wo muss ich unterschreiben?,Where do I have to sign?,Nereyi imzalamam gerekiyor?,Var ska jag skriva under?,Waar moet ik tekenen?,Hvor skal jeg skrive under?,Hvor skal jeg skrive under?,Où dois-je signer ?,web/audio/w0991.mp3
s0085,amt,Imate li pasoš?,Imate li ___?,pasoš,Haben Sie einen Reisepass?,Do you have a passport?,Pasaportunuz var mı?,Har ni ett pass?,Heeft u een paspoort?,Har De et pass?,Har De et pas?,Avez-vous un passeport ?,web/audio/w1167.mp3
s0086,amt,Koji dokumenti mi trebaju?,Koji ___ mi trebaju?,dokumenti,Welche Dokumente brauche ich?,Which documents do I need?,Hangi belgeler gerekiyor?,Vilka handlingar behöver jag?,Welke documenten heb ik nodig?,Hvilke dokumenter trenger jeg?,Hvilke dokumenter har jeg brug for?,Quels documents me faut-il ?,web/audio/w0992.mp3
s0087,fragen,Odakle si?,___ si?,Odakle,Woher kommst du?,Where are you from?,Nerelisin?,Varifrån kommer du?,Waar kom je vandaan?,Hvor kommer du fra?,Hvor kommer du fra?,D'où viens-tu ?,web/audio/w0347.mp3
s0088,fragen,Šta je to?,___ je to?,Šta,Was ist das?,What is that?,Bu ne?,Vad är det?,Wat is dat?,Hva er det?,Hvad er det?,Qu'est-ce que c'est ?,web/audio/w0351.mp3
s0089,fragen,Koliko imaš godina?,Koliko ___ godina?,imaš,Wie alt bist du?,How old are you?,Kaç yaşındasın?,Hur gammal är du?,Hoe oud ben je?,Hvor gammel er du?,Hvor gammel er du?,Quel âge as-tu ?,web/audio/w0352.mp3
s0090,fragen,Imaš li vremena?,___ li vremena?,Imaš,Hast du Zeit?,Do you have time?,Vaktin var mı?,Har du tid?,Heb je tijd?,Har du tid?,Har du tid?,Tu as le temps ?,web/audio/w0353.mp3
s0091,fragen,Kuda ideš?,___ ideš?,Kuda,Wohin gehst du?,Where are you going?,Nereye gidiyorsun?,Vart går du?,Waar ga je heen?,Hvor skal du?,Hvor skal du hen?,Où vas-tu ?,web/audio/w0348.mp3
s0092,konjugation,Ja sam iz Njemačke.,Ja ___ iz Njemačke.,sam,Ich bin aus Deutschland.,I am from Germany.,Almanya'danım.,Jag är från Tyskland.,Ik kom uit Duitsland.,Jeg er fra Tyskland.,Jeg er fra Tyskland.,Je viens d'Allemagne.,web/audio/w1168.mp3
s0093,konjugation,Mi smo kod kuće.,Mi ___ kod kuće.,smo,Wir sind zu Hause.,We are at home.,Evdeyiz.,Vi är hemma.,Wij zijn thuis.,Vi er hjemme.,Vi er hjemme.,Nous sommes à la maison.,web/audio/w1169.mp3
s0094,konjugation,Ti imaš dva brata.,Ti ___ dva brata.,imaš,Du hast zwei Brüder.,You have two brothers.,İki erkek kardeşin var.,Du har två bröder.,Jij hebt twee broers.,Du har to brødre.,Du har to brødre.,Tu as deux frères.,web/audio/w1170.mp3
s0095,konjugation,Oni idu u školu.,Oni ___ u školu.,idu,Sie gehen in die Schule.,They go to school.,Onlar okula gidiyor.,De går i skolan.,Zij gaan naar school.,De går på skolen.,De går i skole.,Ils vont à l'école.,web/audio/w1171.mp3
s0096,konjugation,Govoriš li ti bosanski?,___ li ti bosanski?,Govoriš,Sprichst du Bosnisch?,Do you speak Bosnian?,Boşnakça konuşuyor musun?,Talar du bosniska?,Spreek jij Bosnisch?,Snakker du bosnisk?,Taler du bosnisk?,Tu parles bosnien ?,web/audio/w1172.mp3
s0097,satzbau,Mislim da je dobro.,Mislim ___ je dobro.,da,"Ich denke, dass es gut ist.",I think that it is good.,Bunun iyi olduğunu düşünüyorum.,Jag tror att det är bra.,Ik denk dat het goed is.,Jeg tror at det er bra.,"Jeg tror, at det er godt.",Je pense que c'est bien.,web/audio/w1173.mp3
s0098,satzbau,Ne znam gdje je ključ.,Ne znam ___ je ključ.,gdje,"Ich weiß nicht, wo der Schlüssel ist.",I do not know where the key is.,Anahtarın nerede olduğunu bilmiyorum.,Jag vet inte var nyckeln är.,Ik weet niet waar de sleutel is.,Jeg vet ikke hvor nøkkelen er.,"Jeg ved ikke, hvor nøglen er.",Je ne sais pas où est la clé.,web/audio/w1174.mp3
s0099,satzbau,Pitam se da li dolazi.,Pitam se ___ li dolazi.,da,"Ich frage mich, ob er kommt.",I wonder whether he is coming.,Acaba geliyor mu diye merak ediyorum.,Jag undrar om han kommer.,Ik vraag me af of hij komt.,Jeg lurer på om han kommer.,"Jeg spekulerer på, om han kommer.",Je me demande s'il vient.,web/audio/w1175.mp3
s0100,satzbau,Nemam vremena jer radim.,Nemam vremena ___ radim.,jer,"Ich habe keine Zeit, weil ich arbeite.",I have no time because I am working.,Vaktim yok çünkü çalışıyorum.,Jag har ingen tid för att jag arbetar.,Ik heb geen tijd omdat ik werk.,Jeg har ikke tid fordi jeg arbeider.,"Jeg har ikke tid, fordi jeg arbejder.",Je n'ai pas le temps parce que je travaille.,web/audio/w1176.mp3
s0101,satzbau,Ja nisam umoran.,Ja ___ umoran.,nisam,Ich bin nicht müde.,I am not tired.,Yorgun değilim.,Jag är inte trött.,Ik ben niet moe.,Jeg er ikke trøtt.,Jeg er ikke træt.,Je ne suis pas fatigué.,web/audio/w1177.mp3
s0102,satzbau,"Volim kahvu, ali ne volim čaj.","Volim kahvu, ___ ne volim čaj.",ali,"Ich mag Kaffee, aber ich mag keinen Tee.","I like coffee, but I do not like tea.",Kahve severim ama çay sevmem.,"Jag gillar kaffe, men jag gillar inte te.","Ik hou van koffie, maar ik hou niet van thee.","Jeg liker kaffe, men jeg liker ikke te.","Jeg kan lide kaffe, men jeg kan ikke lide te.","J'aime le café, mais je n'aime pas le thé.",web/audio/w1178.mp3
s0103,satzbau,"Ako pada kiša, ostajem kod kuće.","___ pada kiša, ostajem kod kuće.",Ako,"Wenn es regnet, bleibe ich zu Hause.","If it rains, I stay at home.",Yağmur yağarsa evde kalıyorum.,Om det regnar stannar jag hemma.,Als het regent blijf ik thuis.,"Hvis det regner, blir jeg hjemme.","Hvis det regner, bliver jeg hjemme.","S'il pleut, je reste à la maison.",web/audio/w1179.mp3
s0104,vergangenheit,Jučer sam radila.,Jučer ___ radila.,sam,Gestern habe ich gearbeitet. (Frau),Yesterday I worked. (female speaker),Dün çalıştım. (kadın),I går arbetade jag. (kvinna),Gisteren heb ik gewerkt. (vrouw),I går arbeidet jeg. (kvinne),I går arbejdede jeg. (kvinde),Hier j'ai travaillé. (femme),web/audio/w1180.mp3
s0105,vergangenheit,Bilo je lijepo.,___ je lijepo.,Bilo,Es war schön.,It was nice.,Güzeldi.,Det var fint.,Het was mooi.,Det var fint.,Det var dejligt.,C'était beau.,web/audio/w1181.mp3
s0106,vergangenheit,Prošle godine smo bili u Bosni.,Prošle godine ___ bili u Bosni.,smo,Letztes Jahr waren wir in Bosnien.,Last year we were in Bosnia.,Geçen yıl Bosna'daydık.,Förra året var vi i Bosnien.,Vorig jaar waren we in Bosnië.,I fjor var vi i Bosnia.,Sidste år var vi i Bosnien.,"L'année dernière, nous étions en Bosnie.",web/audio/w1182.mp3
s0107,vergangenheit,Šta si radio?,Šta si ___?,radio,Was hast du gemacht? (zu einem Mann),What did you do? (to a man),Ne yaptın? (bir erkeğe),Vad gjorde du? (till en man),Wat heb je gedaan? (tegen een man),Hva gjorde du? (til en mann),Hvad lavede du? (til en mand),Qu'est-ce que tu as fait ? (à un homme),web/audio/w0632.mp3
s0108,zukunft,Sutra ću raditi.,Sutra ___ raditi.,ću,Morgen werde ich arbeiten.,Tomorrow I will work.,Yarın çalışacağım.,I morgon ska jag arbeta.,Morgen zal ik werken.,I morgen skal jeg arbeide.,I morgen skal jeg arbejde.,Demain je vais travailler.,web/audio/w1183.mp3
s0109,zukunft,Vidjet ćemo.,___ ćemo.,Vidjet,Wir werden sehen.,We will see.,Göreceğiz.,Vi får se.,We zullen zien.,Vi får se.,Vi får se.,On verra.,web/audio/w1184.mp3
s0110,zukunft,Kada ćeš doći?,Kada ___ doći?,ćeš,Wann wirst du kommen?,When will you come?,Ne zaman geleceksin?,När ska du komma?,Wanneer zul je komen?,Når skal du komme?,Hvornår skal du komme?,Quand est-ce que tu viendras ?,web/audio/w0643.mp3
s0111,zukunft,Sljedeće godine idemo u Bosnu.,Sljedeće ___ idemo u Bosnu.,godine,Nächstes Jahr fahren wir nach Bosnien.,Next year we are going to Bosnia.,Gelecek yıl Bosna'ya gidiyoruz.,Nästa år åker vi till Bosnien.,Volgend jaar gaan we naar Bosnië.,Neste år drar vi til Bosnia.,Næste år tager vi til Bosnien.,"L'année prochaine, nous allons en Bosnie.",web/audio/w1185.mp3
s0112,adjektive,Ovo je bolje nego to.,Ovo je ___ nego to.,bolje,Das ist besser als das.,This is better than that.,Bu ondan daha iyi.,Det här är bättre än det där.,Dit is beter dan dat.,Dette er bedre enn det.,Det her er bedre end det der.,Ceci est meilleur que cela.,web/audio/w1186.mp3
s0113,adjektive,Moj brat je stariji od mene.,Moj brat je ___ od mene.,stariji,Mein Bruder ist älter als ich.,My brother is older than me.,Erkek kardeşim benden büyük.,Min bror är äldre än jag.,Mijn broer is ouder dan ik.,Broren min er eldre enn meg.,Min bror er ældre end mig.,Mon frère est plus âgé que moi.,web/audio/w1187.mp3
s0114,adjektive,Kahva je jako vruća.,Kahva je ___ vruća.,jako,Der Kaffee ist sehr heiß.,The coffee is very hot.,Kahve çok sıcak.,Kaffet är mycket hett.,De koffie is heel heet.,Kaffen er veldig varm.,Kaffen er meget varm.,Le café est très chaud.,web/audio/w1188.mp3
s0115,adjektive,Ova jakna je skuplja od one.,Ova jakna je ___ od one.,skuplja,Diese Jacke ist teurer als jene.,This jacket is more expensive than that one.,Bu ceket şundan daha pahalı.,Den här jackan är dyrare än den där.,Deze jas is duurder dan die.,Denne jakka er dyrere enn den der.,Denne jakke er dyrere end den der.,Cette veste est plus chère que celle-là.,web/audio/w1189.mp3
s0116,bank,Želim otvoriti račun.,Želim otvoriti ___.,račun,Ich möchte ein Konto eröffnen.,I would like to open an account.,Hesap açmak istiyorum.,Jag vill öppna ett konto.,Ik wil een rekening openen.,Jeg vil åpne en konto.,Jeg vil gerne åbne en konto.,Je voudrais ouvrir un compte.,web/audio/w1190.mp3
s0117,bank,Kolika je kamata?,Kolika je ___?,kamata,Wie hoch sind die Zinsen?,What is the interest rate?,Faiz ne kadar?,Hur hög är räntan?,Hoe hoog is de rente?,Hvor høy er renta?,Hvor høje er renterne?,Quel est le taux d'intérêt ?,web/audio/w1017.mp3
s0118,bank,Mogu li platiti na rate?,Mogu li platiti na ___?,rate,Kann ich in Raten zahlen?,Can I pay in installments?,Taksitle ödeyebilir miyim?,Kan jag delbetala?,Kan ik in termijnen betalen?,Kan jeg betale i avdrag?,Kan jeg betale i afdrag?,Je peux payer en plusieurs fois ?,web/audio/w1018.mp3
s0119,bank,Gdje je najbliži bankomat?,Gdje je najbliži ___?,bankomat,Wo ist der nächste Geldautomat?,Where is the nearest ATM?,En yakın bankamatik nerede?,Var ligger närmaste uttagsautomat?,Waar is de dichtstbijzijnde geldautomaat?,Hvor er nærmeste minibank?,Hvor er den nærmeste hæveautomat?,Où est le distributeur le plus proche ?,web/audio/w1191.mp3
s0120,immobilien,Želim kupiti kuću.,Želim kupiti ___.,kuću,Ich möchte ein Haus kaufen.,I would like to buy a house.,Bir ev almak istiyorum.,Jag vill köpa ett hus.,Ik wil een huis kopen.,Jeg vil kjøpe et hus.,Jeg vil gerne købe et hus.,Je voudrais acheter une maison.,web/audio/w1192.mp3
s0121,immobilien,Ko je vlasnik kuće?,Ko je ___ kuće?,vlasnik,Wer ist der Eigentümer des Hauses?,Who is the owner of the house?,Evin sahibi kim?,Vem äger huset?,Wie is de eigenaar van het huis?,Hvem eier huset?,Hvem ejer huset?,Qui est le propriétaire de la maison ?,web/audio/w1193.mp3
s0122,immobilien,Je li kuća upisana u gruntovnicu?,Je li kuća upisana u ___?,gruntovnicu,Ist das Haus im Grundbuch eingetragen?,Is the house entered in the land register?,Ev tapu siciline kayıtlı mı?,Är huset inskrivet i fastighetsregistret?,Staat het huis in het kadaster?,Er huset tinglyst i grunnboka?,Er huset tinglyst i tingbogen?,La maison est-elle inscrite au registre foncier ?,web/audio/w1048.mp3
s0123,immobilien,Kolika je kirija mjesečno?,Kolika je ___ mjesečno?,kirija,Wie hoch ist die Miete im Monat?,How much is the rent per month?,Aylık kira ne kadar?,Hur hög är hyran i månaden?,Hoe hoog is de huur per maand?,Hvor høy er husleia i måneden?,Hvor høj er huslejen om måneden?,Quel est le montant du loyer par mois ?,web/audio/w1194.mp3
s0124,immobilien,Potpisujemo ugovor kod notara.,Potpisujemo ___ kod notara.,ugovor,Wir unterschreiben den Vertrag beim Notar.,We sign the contract at the notary.,Sözleşmeyi noterde imzalıyoruz.,Vi skriver under avtalet hos notarius publicus.,We tekenen het contract bij de notaris.,Vi skriver under avtalen hos notarius publicus.,Vi skriver kontrakten under hos notaren.,Nous signons le contrat chez le notaire.,web/audio/w1195.mp3
s0125,arbeitsvertrag,Tražim posao.,Tražim ___.,posao,Ich suche Arbeit.,I am looking for work.,İş arıyorum.,Jag söker jobb.,Ik zoek werk.,Jeg søker jobb.,Jeg søger arbejde.,Je cherche du travail.,web/audio/w1196.mp3
s0126,arbeitsvertrag,Imam pet godina iskustva.,Imam pet godina ___.,iskustva,Ich habe fünf Jahre Erfahrung.,I have five years of experience.,Beş yıllık deneyimim var.,Jag har fem års erfarenhet.,Ik heb vijf jaar ervaring.,Jeg har fem års erfaring.,Jeg har fem års erfaring.,J'ai cinq ans d'expérience.,web/audio/w1197.mp3
s0127,arbeitsvertrag,Probni rad traje tri mjeseca.,Probni ___ traje tri mjeseca.,rad,Die Probezeit dauert drei Monate.,The probation period lasts three months.,Deneme süresi üç ay sürüyor.,Provanställningen varar i tre månader.,De proeftijd duurt drie maanden.,Prøvetiden varer i tre måneder.,Prøvetiden varer tre måneder.,La période d'essai dure trois mois.,web/audio/w1198.mp3
s0128,arbeitsvertrag,Kolika je neto plata?,Kolika je ___ plata?,neto,Wie hoch ist das Nettogehalt?,How much is the net salary?,Net maaş ne kadar?,Hur hög är nettolönen?,Hoe hoog is het nettosalaris?,Hvor høy er nettolønna?,Hvor høj er nettolønnen?,Quel est le salaire net ?,web/audio/w1199.mp3
s0129,gesundheit,Trebam termin kod doktora.,Trebam ___ kod doktora.,termin,Ich brauche einen Termin beim Arzt.,I need a doctor's appointment.,Doktordan randevu almam gerekiyor.,Jag behöver en läkartid.,Ik heb een afspraak bij de dokter nodig.,Jeg trenger en legetime.,Jeg har brug for en lægetid.,J'ai besoin d'un rendez-vous chez le médecin.,web/audio/w1200.mp3
s0130,gesundheit,Na bolovanju sam.,Na ___ sam.,bolovanju,Ich bin krankgeschrieben.,I am on sick leave.,Raporluyum.,Jag är sjukskriven.,Ik ben ziekgemeld.,Jeg er sykmeldt.,Jeg er sygemeldt.,Je suis en arrêt de travail.,web/audio/w1201.mp3
s0131,gesundheit,Gdje Vas boli?,Gdje Vas ___?,boli,Wo tut es Ihnen weh?,Where does it hurt?,Neresi ağrıyor?,Var gör det ont?,Waar doet het pijn?,Hvor gjør det vondt?,Hvor gør det ondt?,Où avez-vous mal ?,web/audio/w1094.mp3
s0132,gesundheit,Trebam uputnicu za specijalistu.,Trebam ___ za specijalistu.,uputnicu,Ich brauche eine Überweisung zum Facharzt.,I need a referral to a specialist.,Uzmana sevk belgesine ihtiyacım var.,Jag behöver en remiss till en specialist.,Ik heb een verwijsbrief naar de specialist nodig.,Jeg trenger en henvisning til spesialist.,Jeg har brug for en henvisning til en speciallæge.,J'ai besoin d'une lettre d'adressage vers un spécialiste.,web/audio/w1202.mp3
s0133,saetze,Mislim da je moja sestra kod kuće.,Mislim da je moja sestra kod ___.,kuće,"Ich denke, dass meine Schwester zu Hause ist.",I think that my sister is at home.,Kız kardeşimin evde olduğunu düşünüyorum.,Jag tror att min syster är hemma.,Ik denk dat mijn zus thuis is.,Jeg tror at søsteren min er hjemme.,"Jeg tror, at min søster er hjemme.",Je pense que ma sœur est à la maison.,web/audio/w1203.mp3
s0134,saetze,Ne znam kada dolazi autobus.,Ne znam kada ___ autobus.,dolazi,"Ich weiß nicht, wann der Bus kommt.",I do not know when the bus comes.,Otobüsün ne zaman geleceğini bilmiyorum.,Jag vet inte när bussen kommer.,Ik weet niet wanneer de bus komt.,Jeg vet ikke når bussen kommer.,"Jeg ved ikke, hvornår bussen kommer.",Je ne sais pas quand le bus arrive.,web/audio/w1204.mp3
s0135,saetze,Jučer sam kupila hljeb i mlijeko.,Jučer sam ___ hljeb i mlijeko.,kupila,Gestern habe ich Brot und Milch gekauft. (Frau),Yesterday I bought bread and milk. (female speaker),Dün ekmek ve süt aldım. (kadın),I går köpte jag bröd och mjölk. (kvinna),Gisteren heb ik brood en melk gekocht. (vrouw),I går kjøpte jeg brød og melk. (kvinne),I går købte jeg brød og mælk. (kvinde),Hier j'ai acheté du pain et du lait. (femme),web/audio/w1205.mp3
s0136,genus,Moja kuća je velika.,___ kuća je velika.,Moja,Mein Haus ist groß.,My house is big.,Evim büyük.,Mitt hus är stort.,Mijn huis is groot.,Huset mitt er stort.,Mit hus er stort.,Ma maison est grande.,web/audio/w1206.mp3
s0137,genus,Moj brat je student.,___ brat je student.,Moj,Mein Bruder ist Student.,My brother is a student.,Erkek kardeşim üniversite öğrencisi.,Min bror är student.,Mijn broer is student.,Broren min er student.,Min bror er studerende.,Mon frère est étudiant.,web/audio/w1207.mp3
s0138,genus,Ona je nastavnica.,___ je nastavnica.,Ona,Sie ist Lehrerin.,She is a teacher.,O öğretmen.,Hon är lärare.,Zij is lerares.,Hun er lærer.,Hun er lærer.,Elle est enseignante.,web/audio/w1208.mp3
s0139,genus,Ovo je naše selo.,Ovo je ___ selo.,naše,Das ist unser Dorf.,This is our village.,Bu bizim köyümüz.,Det här är vår by.,Dit is ons dorp.,Dette er landsbyen vår.,Det her er vores landsby.,C'est notre village.,web/audio/w1209.mp3
s0140,mehrzahl,Imam dvije sestre.,Imam dvije ___.,sestre,Ich habe zwei Schwestern.,I have two sisters.,İki kız kardeşim var.,Jag har två systrar.,Ik heb twee zussen.,Jeg har to søstre.,Jeg har to søstre.,J'ai deux sœurs.,web/audio/w1210.mp3
s0141,mehrzahl,Djeca se igraju.,___ se igraju.,Djeca,Die Kinder spielen.,The children are playing.,Çocuklar oynuyor.,Barnen leker.,De kinderen spelen.,Barna leker.,Børnene leger.,Les enfants jouent.,web/audio/w1211.mp3
s0142,mehrzahl,Na pijaci ima mnogo ljudi.,Na pijaci ima mnogo ___.,ljudi,Auf dem Markt sind viele Leute.,There are many people at the market.,Pazarda çok insan var.,Det är mycket folk på marknaden.,Op de markt zijn veel mensen.,Det er mye folk på markedet.,Der er mange mennesker på markedet.,Il y a beaucoup de monde au marché.,web/audio/w1212.mp3
s0143,faelle1,Vidim brata.,Vidim ___.,brata,Ich sehe den Bruder.,I see the brother.,Erkek kardeşi görüyorum.,Jag ser brodern.,Ik zie de broer.,Jeg ser broren.,Jeg ser broren.,Je vois le frère.,web/audio/w1213.mp3
s0144,faelle1,Pijem kahvu.,Pijem ___.,kahvu,Ich trinke Kaffee.,I drink coffee.,Kahve içiyorum.,Jag dricker kaffe.,Ik drink koffie.,Jeg drikker kaffe.,Jeg drikker kaffe.,Je bois du café.,web/audio/w1214.mp3
s0145,faelle1,Volim svoju majku.,Volim svoju ___.,majku,Ich liebe meine Mutter.,I love my mother.,Annemi seviyorum.,Jag älskar min mor.,Ik hou van mijn moeder.,Jeg elsker moren min.,Jeg elsker min mor.,J'aime ma mère.,web/audio/w1215.mp3
s0146,faelle1,Čitam knjigu.,Čitam ___.,knjigu,Ich lese ein Buch.,I am reading a book.,Bir kitap okuyorum.,Jag läser en bok.,Ik lees een boek.,Jeg leser en bok.,Jeg læser en bog.,Je lis un livre.,web/audio/w1216.mp3
s0147,faelle2,Kahva bez šećera.,Kahva bez ___.,šećera,Kaffee ohne Zucker.,Coffee without sugar.,Şekersiz kahve.,Kaffe utan socker.,Koffie zonder suiker.,Kaffe uten sukker.,Kaffe uden sukker.,Café sans sucre.,web/audio/w1217.mp3
s0148,faelle2,Ja sam iz Bosne.,Ja sam iz ___.,Bosne,Ich bin aus Bosnien.,I am from Bosnia.,Bosna'danım.,Jag är från Bosnien.,Ik kom uit Bosnië.,Jeg er fra Bosnia.,Jeg er fra Bosnien.,Je viens de Bosnie.,web/audio/w1218.mp3
s0149,faelle2,"Čaša vode, molim.","Čaša ___, molim.",vode,"Ein Glas Wasser, bitte.","A glass of water, please.","Bir bardak su, lütfen.","Ett glas vatten, tack.","Een glas water, alstublieft.","Et glass vann, takk.","Et glas vand, tak.","Un verre d'eau, s'il vous plaît.",web/audio/w1219.mp3
s0150,faelle2,Nemam vremena.,Nemam ___.,vremena,Ich habe keine Zeit.,I have no time.,Vaktim yok.,Jag har ingen tid.,Ik heb geen tijd.,Jeg har ikke tid.,Jeg har ikke tid.,Je n'ai pas le temps.,web/audio/w1220.mp3
s0151,praepositionen,Knjiga je na stolu.,Knjiga je ___ stolu.,na,Das Buch ist auf dem Tisch.,The book is on the table.,Kitap masada.,Boken ligger på bordet.,Het boek ligt op de tafel.,Boka ligger på bordet.,Bogen ligger på bordet.,Le livre est sur la table.,web/audio/w1221.mp3
s0152,praepositionen,Poslije posla idem kući.,___ posla idem kući.,Poslije,Nach der Arbeit gehe ich nach Hause.,After work I go home.,İşten sonra eve gidiyorum.,Efter jobbet går jag hem.,Na het werk ga ik naar huis.,Etter jobben går jeg hjem.,Efter arbejdet går jeg hjem.,"Après le travail, je rentre à la maison.",web/audio/w1222.mp3
s0153,praepositionen,Poklon je za tebe.,Poklon je ___ tebe.,za,Das Geschenk ist für dich.,The present is for you.,Hediye senin için.,Presenten är till dig.,Het cadeau is voor jou.,Gaven er til deg.,Gaven er til dig.,Le cadeau est pour toi.,web/audio/w1223.mp3
s0154,praepositionen,Kahva bez mlijeka.,Kahva ___ mlijeka.,bez,Kaffee ohne Milch.,Coffee without milk.,Sütsüz kahve.,Kaffe utan mjölk.,Koffie zonder melk.,Kaffe uten melk.,Kaffe uden mælk.,Café sans lait.,web/audio/w1224.mp3
s0155,faelle3,Dajem poklon sestri.,Dajem poklon ___.,sestri,Ich gebe der Schwester ein Geschenk.,I am giving my sister a present.,Kız kardeşime hediye veriyorum.,Jag ger min syster en present.,Ik geef mijn zus een cadeau.,Jeg gir søsteren min en gave.,Jeg giver min søster en gave.,Je donne un cadeau à ma sœur.,web/audio/w1225.mp3
s0156,faelle3,Stanujem u Sarajevu.,Stanujem u ___.,Sarajevu,Ich wohne in Sarajevo.,I live in Sarajevo.,Saraybosna'da oturuyorum.,Jag bor i Sarajevo.,Ik woon in Sarajevo.,Jeg bor i Sarajevo.,Jeg bor i Sarajevo.,J'habite à Sarajevo.,web/audio/w1226.mp3
s0157,faelle3,Daj mi vode.,Daj ___ vode.,mi,Gib mir Wasser.,Give me water.,Bana su ver.,Ge mig vatten.,Geef mij water.,Gi meg vann.,Giv mig vand.,Donne-moi de l'eau.,web/audio/w1227.mp3
s0158,faelle3,Pomažem majci.,Pomažem ___.,majci,Ich helfe der Mutter.,I am helping my mother.,Anneme yardım ediyorum.,Jag hjälper min mor.,Ik help mijn moeder.,Jeg hjelper moren min.,Jeg hjælper min mor.,J'aide ma mère.,web/audio/w1228.mp3
s0159,faelle4,Idem s bratom u grad.,Idem s ___ u grad.,bratom,Ich gehe mit dem Bruder in die Stadt.,I am going to town with my brother.,Erkek kardeşimle şehre gidiyorum.,Jag går till stan med min bror.,Ik ga met mijn broer naar de stad.,Jeg går til byen med broren min.,Jeg tager ind til byen med min bror.,Je vais en ville avec mon frère.,web/audio/w1229.mp3
s0160,faelle4,Putujemo autom.,Putujemo ___.,autom,Wir reisen mit dem Auto.,We are traveling by car.,Arabayla seyahat ediyoruz.,Vi reser med bil.,We reizen met de auto.,Vi reiser med bil.,Vi rejser med bil.,Nous voyageons en voiture.,web/audio/w1230.mp3
s0161,faelle4,"Sine, dođi ovamo!","___, dođi ovamo!",Sine,"Sohn, komm her!","Son, come here!","Oğlum, buraya gel!","Min son, kom hit!","Zoon, kom hier!","Sønn, kom hit!","Søn, kom her!","Mon fils, viens ici !",web/audio/w1231.mp3
s0162,faelle4,Kahva sa šećerom.,Kahva sa ___.,šećerom,Kaffee mit Zucker.,Coffee with sugar.,Şekerli kahve.,Kaffe med socker.,Koffie met suiker.,Kaffe med sukker.,Kaffe med sukker.,Café avec du sucre.,web/audio/w1232.mp3
s0163,modal,Moram raditi sutra.,___ raditi sutra.,Moram,Ich muss morgen arbeiten.,I have to work tomorrow.,Yarın çalışmam gerek.,Jag måste arbeta i morgon.,Ik moet morgen werken.,Jeg må arbeide i morgen.,Jeg skal arbejde i morgen.,Je dois travailler demain.,web/audio/w1233.mp3
s0164,modal,Možeš li mi pomoći?,___ li mi pomoći?,Možeš,Kannst du mir helfen?,Can you help me?,Bana yardım edebilir misin?,Kan du hjälpa mig?,Kun je me helpen?,Kan du hjelpe meg?,Kan du hjælpe mig?,Tu peux m'aider ?,web/audio/w0668.mp3
s0165,modal,Smijem li pitati?,___ li pitati?,Smijem,Darf ich fragen?,May I ask?,Sorabilir miyim?,Får jag fråga?,Mag ik iets vragen?,Får jeg spørre?,Må jeg spørge?,Je peux demander ?,web/audio/w0671.mp3
s0166,modal,Ne mogu doći.,Ne ___ doći.,mogu,Ich kann nicht kommen.,I cannot come.,Gelemem.,Jag kan inte komma.,Ik kan niet komen.,Jeg kan ikke komme.,Jeg kan ikke komme.,Je ne peux pas venir.,web/audio/w1234.mp3
s0167,reflexiv,Zovem se Amina.,Zovem ___ Amina.,se,Ich heiße Amina.,My name is Amina.,Benim adım Amina.,Jag heter Amina.,Ik heet Amina.,Jeg heter Amina.,Jeg hedder Amina.,Je m'appelle Amina.,web/audio/w1100.mp3
s0168,reflexiv,Osjećam se dobro.,___ se dobro.,Osjećam,Ich fühle mich gut.,I feel good.,İyi hissediyorum.,Jag mår bra.,Ik voel me goed.,Jeg har det bra.,Jeg har det godt.,Je me sens bien.,web/audio/w1235.mp3
s0169,reflexiv,Nalazimo se u pet.,Nalazimo ___ u pet.,se,Wir treffen uns um fünf.,We are meeting at five.,Beşte buluşuyoruz.,Vi träffas klockan fem.,We spreken om vijf uur af.,Vi møtes klokka fem.,Vi mødes klokken fem.,On se retrouve à cinq heures.,web/audio/w1236.mp3
s0170,reflexiv,Djeca se igraju.,Djeca se ___.,igraju,Die Kinder spielen.,The children are playing.,Çocuklar oynuyor.,Barnen leker.,De kinderen spelen.,Barna leker.,Børnene leger.,Les enfants jouent.,web/audio/w1211.mp3
s0171,routine,Ustajem u sedam sati.,___ u sedam sati.,Ustajem,Ich stehe um sieben Uhr auf.,I get up at seven o'clock.,Saat yedide kalkıyorum.,Jag går upp klockan sju.,Ik sta om zeven uur op.,Jeg står opp klokka sju.,Jeg står op klokken syv.,Je me lève à sept heures.,web/audio/w1237.mp3
s0172,routine,Poslije posla kuham večeru.,Poslije posla ___ večeru.,kuham,Nach der Arbeit koche ich Abendessen.,After work I cook dinner.,İşten sonra akşam yemeği pişiriyorum.,Efter jobbet lagar jag middag.,Na het werk kook ik het avondeten.,Etter jobben lager jeg middag.,Efter arbejdet laver jeg aftensmad.,"Après le travail, je prépare le dîner.",web/audio/w1238.mp3
s0173,routine,Idem spavati u jedanaest.,Idem ___ u jedanaest.,spavati,Ich gehe um elf schlafen.,I go to sleep at eleven.,Saat on birde uyumaya gidiyorum.,Jag går och lägger mig klockan elva.,Ik ga om elf uur slapen.,Jeg legger meg klokka elleve.,Jeg går i seng klokken elleve.,Je vais me coucher à onze heures.,web/audio/w1239.mp3
s0174,routine,Svaki dan pijem kahvu.,___ dan pijem kahvu.,Svaki,Jeden Tag trinke ich Kaffee.,Every day I drink coffee.,Her gün kahve içiyorum.,Varje dag dricker jag kaffe.,Elke dag drink ik koffie.,Hver dag drikker jeg kaffe.,Hver dag drikker jeg kaffe.,"Chaque jour, je bois du café.",web/audio/w1240.mp3
s0175,mengen,Imam dva brata.,Imam dva ___.,brata,Ich habe zwei Brüder.,I have two brothers.,İki erkek kardeşim var.,Jag har två bröder.,Ik heb twee broers.,Jeg har to brødre.,Jeg har to brødre.,J'ai deux frères.,web/audio/w1158.mp3
s0176,mengen,Imam trideset godina.,Imam trideset ___.,godina,Ich bin dreißig Jahre alt.,I am thirty years old.,Otuz yaşındayım.,Jag är trettio år.,Ik ben dertig jaar.,Jeg er tretti år.,Jeg er tredive år.,J'ai trente ans.,web/audio/w1241.mp3
s0177,mengen,"Dvije kahve, molim.","___ kahve, molim.",Dvije,"Zwei Kaffee, bitte.","Two coffees, please.","İki kahve, lütfen.","Två kaffe, tack.","Twee koffie, alstublieft.","To kaffe, takk.","To kaffe, tak.","Deux cafés, s'il vous plaît.",web/audio/w1124.mp3
s0178,mengen,Ostajemo pet dana.,Ostajemo pet ___.,dana,Wir bleiben fünf Tage.,We are staying five days.,Beş gün kalıyoruz.,Vi stannar i fem dagar.,We blijven vijf dagen.,Vi blir i fem dager.,Vi bliver fem dage.,Nous restons cinq jours.,web/audio/w1242.mp3
s0179,gefuehle,Slažem se s tobom.,___ se s tobom.,Slažem,Ich stimme dir zu.,I agree with you.,Sana katılıyorum.,Jag håller med dig.,Ik ben het met je eens.,Jeg er enig med deg.,Jeg er enig med dig.,Je suis d'accord avec toi.,web/audio/w1243.mp3
s0180,gefuehle,"Po mom mišljenju, to je dobro.","Po mom ___, to je dobro.",mišljenju,Meiner Meinung nach ist das gut.,In my opinion that is good.,Bence bu iyi.,Enligt min åsikt är det bra.,Volgens mij is dat goed.,Etter min mening er det bra.,Efter min mening er det godt.,"À mon avis, c'est bien.",web/audio/w1244.mp3
s0181,gefuehle,Ponosna sam na tebe.,___ sam na tebe.,Ponosna,Ich bin stolz auf dich. (Frau),I am proud of you. (female speaker),Seninle gurur duyuyorum. (kadın),Jag är stolt över dig. (kvinna),Ik ben trots op je. (vrouw),Jeg er stolt av deg. (kvinne),Jeg er stolt af dig. (kvinde),Je suis fière de toi. (femme),web/audio/w1245.mp3
s0182,gefuehle,"Nažalost, nemam vremena.","___, nemam vremena.",Nažalost,Leider habe ich keine Zeit.,Unfortunately I have no time.,Maalesef vaktim yok.,Tyvärr har jag ingen tid.,Helaas heb ik geen tijd.,Dessverre har jeg ikke tid.,Desværre har jeg ikke tid.,"Malheureusement, je n'ai pas le temps.",web/audio/w1246.mp3
s0183,reisen,Koliko traje vožnja?,Koliko traje ___?,vožnja,Wie lange dauert die Fahrt?,How long does the ride take?,Yolculuk ne kadar sürüyor?,Hur lång tid tar resan?,Hoe lang duurt de rit?,Hvor lang tid tar turen?,Hvor lang tid tager turen?,Combien de temps dure le trajet ?,web/audio/w0846.mp3
s0184,reisen,Kada polazi autobus?,Kada ___ autobus?,polazi,Wann fährt der Bus ab?,When does the bus leave?,Otobüs ne zaman kalkıyor?,När går bussen?,Wanneer vertrekt de bus?,Når går bussen?,Hvornår kører bussen?,Quand part le bus ?,web/audio/w0847.mp3
s0185,reisen,Gdje je izlaz?,Gdje je ___?,izlaz,Wo ist der Ausgang?,Where is the exit?,Çıkış nerede?,Var är utgången?,Waar is de uitgang?,Hvor er utgangen?,Hvor er udgangen?,Où est la sortie ?,web/audio/w1247.mp3
s0186,reisen,Sretan put!,Sretan ___!,put,Gute Reise!,Have a good trip!,İyi yolculuklar!,Trevlig resa!,Goede reis!,God tur!,God tur!,Bon voyage !,web/audio/w0856.mp3
s0187,feiern,Sretan rođendan!,Sretan ___!,rođendan,Alles Gute zum Geburtstag!,Happy birthday!,İyi ki doğdun!,Grattis på födelsedagen!,Gefeliciteerd met je verjaardag!,Gratulerer med dagen!,Tillykke med fødselsdagen!,Joyeux anniversaire !,web/audio/w0859.mp3
s0188,feiern,Imam poklon za tebe.,Imam ___ za tebe.,poklon,Ich habe ein Geschenk für dich.,I have a present for you.,Sana bir hediyem var.,Jag har en present till dig.,Ik heb een cadeau voor je.,Jeg har en gave til deg.,Jeg har en gave til dig.,J'ai un cadeau pour toi.,web/audio/w1248.mp3
s0189,feiern,Sretna Nova godina!,Sretna Nova ___!,godina,Frohes neues Jahr!,Happy New Year!,Yeni yılınız kutlu olsun!,Gott nytt år!,Gelukkig nieuwjaar!,Godt nyttår!,Godt nytår!,Bonne année !,web/audio/w0873.mp3
s0190,feiern,Svi gosti su došli.,Svi ___ su došli.,gosti,Alle Gäste sind gekommen.,All the guests have arrived.,Bütün misafirler geldi.,Alla gäster har kommit.,Alle gasten zijn gekomen.,Alle gjestene har kommet.,Alle gæsterne er kommet.,Tous les invités sont arrivés.,web/audio/w1249.mp3
s0191,obst,Ovo je lubenica.,Ovo je ___.,lubenica,Das ist eine Wassermelone.,This is a watermelon.,Bu bir karpuz.,Det här är en vattenmelon.,Dit is een watermeloen.,Dette er en vannmelon.,Det her er en vandmelon.,C'est une pastèque.,web/audio/w2044.mp3
s0192,obst,U torbi je limun.,U torbi je ___.,limun,In der Tasche ist eine Zitrone.,There is a lemon in the bag.,Çantada bir limon var.,Det ligger en citron i väskan.,In de tas zit een citroen.,Det er en sitron i veska.,Der er en citron i tasken.,Il y a un citron dans le sac.,web/audio/w2045.mp3
s0193,obst,Moja mama voli kruške.,Moja mama voli ___.,kruške,Meine Mama mag Birnen.,My mum likes pears.,Annem armut sever.,Min mamma tycker om päron.,Mijn mama houdt van peren.,Mamma liker pærer.,Min mor kan godt lide pærer.,Ma maman aime les poires.,web/audio/w2046.mp3
s0194,obst,Djeca jedu jagode.,Djeca jedu ___.,jagode,Die Kinder essen Erdbeeren.,The children are eating strawberries.,Çocuklar çilek yiyor.,Barnen äter jordgubbar.,De kinderen eten aardbeien.,Barna spiser jordbær.,Børnene spiser jordbær.,Les enfants mangent des fraises.,web/audio/w2047.mp3
s0195,obst,Kupi grožđe na pijaci.,Kupi ___ na pijaci.,grožđe,Kauf Weintrauben auf dem Markt.,Buy grapes at the market.,Pazardan üzüm al.,Köp vindruvor på marknaden.,Koop druiven op de markt.,Kjøp druer på markedet.,Køb vindruer på markedet.,Achète du raisin au marché.,web/audio/w2048.mp3
s0196,gemuese,Djeca ne vole špinat.,Djeca ne vole ___.,špinat,Die Kinder mögen keinen Spinat.,The children do not like spinach.,Çocuklar ıspanak sevmez.,Barnen tycker inte om spenat.,De kinderen houden niet van spinazie.,Barna liker ikke spinat.,Børnene kan ikke lide spinat.,Les enfants n'aiment pas les épinards.,web/audio/w2049.mp3
s0197,gemuese,U supi je mrkva.,U supi je ___.,mrkva,In der Suppe ist eine Karotte.,There is a carrot in the soup.,Çorbada bir havuç var.,Det ligger en morot i soppan.,In de soep zit een wortel.,Det er en gulrot i suppa.,Der er en gulerod i suppen.,Il y a une carotte dans la soupe.,web/audio/w2050.mp3
s0198,gemuese,U bašti je kukuruz.,U bašti je ___.,kukuruz,Im Garten ist Mais.,There is corn in the garden.,Bahçede mısır var.,Det finns majs i trädgården.,In de tuin staat maïs.,Det er mais i hagen.,Der er majs i haven.,Il y a du maïs dans le jardin.,web/audio/w2051.mp3
s0199,gemuese,Na stolu su gljive.,Na stolu su ___.,gljive,Auf dem Tisch sind Pilze.,There are mushrooms on the table.,Masada mantarlar var.,Det ligger svampar på bordet.,Op de tafel liggen paddenstoelen.,Det er sopp på bordet.,Der ligger svampe på bordet.,Il y a des champignons sur la table.,web/audio/w2052.mp3
s0200,gemuese,Danas jedem karfiol.,Danas jedem ___.,karfiol,Heute esse ich Blumenkohl.,Today I am eating cauliflower.,Bugün karnabahar yiyorum.,I dag äter jag blomkål.,Vandaag eet ik bloemkool.,I dag spiser jeg blomkål.,I dag spiser jeg blomkål.,"Aujourd'hui, je mange du chou-fleur.",web/audio/w2053.mp3
s0201,lebensmittel,Djeca jedu sladoled.,Djeca jedu ___.,sladoled,Die Kinder essen Eis (Speiseeis).,The children are eating ice cream.,Çocuklar dondurma yiyor.,Barnen äter glass.,De kinderen eten ijs (roomijs).,Barna spiser iskrem.,Børnene spiser is.,Les enfants mangent de la glace.,web/audio/w2054.mp3
s0202,lebensmittel,"Hljeb, šunka i sir.","Hljeb, ___ i sir.",šunka,"Brot, Schinken und Käse.","Bread, ham and cheese.","Ekmek, jambon ve peynir.","Bröd, skinka och ost.","Brood, ham en kaas.","Brød, skinke og ost.","Brød, skinke og ost.","Du pain, du jambon et du fromage.",web/audio/w2055.mp3
s0203,lebensmittel,Htjela bih kobasicu.,Htjela bih ___.,kobasicu,Ich möchte Wurst.,I would like a sausage.,Sosis istiyorum.,Jag skulle vilja ha en korv.,Ik wil graag worst.,Jeg vil gjerne ha en pølse.,Jeg vil gerne have en pølse.,Je voudrais une saucisse.,web/audio/w2056.mp3
s0204,lebensmittel,Moja sestra voli čokoladu.,Moja sestra voli ___.,čokoladu,Meine Schwester liebt Schokolade.,My sister loves chocolate.,Kız kardeşim çikolatayı seviyor.,Min syster älskar choklad.,Mijn zus houdt van chocolade.,Søsteren min elsker sjokolade.,Min søster elsker chokolade.,Ma sœur aime le chocolat.,web/audio/w2057.mp3
s0205,lebensmittel,"Kečap i senf, molim.","Kečap i ___, molim.",senf,"Ketchup und Senf, bitte.","Ketchup and mustard, please.","Ketçap ve hardal, lütfen.","Ketchup och senap, tack.","Ketchup en mosterd, graag.","Ketchup og sennep, takk.","Ketchup og sennep, tak.","Du ketchup et de la moutarde, s'il vous plaît.",web/audio/w2058.mp3
s0206,vorrat,U frižideru je jogurt.,U frižideru je ___.,jogurt,Im Kühlschrank ist Joghurt.,There is yogurt in the fridge.,Buzdolabında yoğurt var.,Det finns yoghurt i kylskåpet.,In de koelkast staat yoghurt.,Det er yoghurt i kjøleskapet.,Der er yoghurt i køleskabet.,Il y a du yaourt dans le frigo.,web/audio/w2059.mp3
s0207,vorrat,Volim med u čaju.,Volim ___ u čaju.,med,Ich mag Honig im Tee.,I like honey in my tea.,Çayda bal severim.,Jag tycker om honung i teet.,Ik hou van honing in de thee.,Jeg liker honning i teen.,Jeg kan godt lide honning i teen.,J'aime le miel dans le thé.,web/audio/w2060.mp3
s0208,vorrat,"Jednu rakiju, molim.","Jednu ___, molim.",rakiju,"Einen Rakija, bitte.","One rakija, please.","Bir rakija, lütfen.","En rakija, tack.","Een rakija, graag.","En rakija, takk.","En rakija, tak.","Une rakija, s'il vous plaît.",web/audio/w2061.mp3
s0209,vorrat,Kahva je u džezvi.,Kahva je u ___.,džezvi,Der Kaffee ist im Kupferkännchen.,The coffee is in the copper coffee pot.,Kahve cezvede.,Kaffet är i kopparkannan.,De koffie zit in het koperen kannetje.,Kaffen er i kobberkannen.,Kaffen er i kobberkanden.,Le café est dans la petite cafetière en cuivre.,web/audio/w2062.mp3
s0210,vorrat,Uzet ću pogaču.,Uzet ću ___.,pogaču,Ich nehme das Fladenbrot.,I will take the flatbread.,Pideyi alacağım.,Jag tar tunnbrödet.,Ik neem het platbrood.,Jeg tar det runde brødet.,Jeg tager fladbrødet.,Je prends le pain plat.,web/audio/w2063.mp3
s0211,tiere,Krava je u štali.,Krava je u ___.,štali,Die Kuh ist im Stall.,The cow is in the barn.,İnek ahırda.,Kon står i ladugården.,De koe staat in de stal.,Kua er i fjøset.,Koen er i stalden.,La vache est dans l'étable.,web/audio/w2064.mp3
s0212,tiere,Pile i kokoš su u avliji.,Pile i ___ su u avliji.,kokoš,Das Küken und das Huhn sind im Hof.,The chick and the hen are in the yard.,Civciv ve tavuk avluda.,Kycklingen och hönan är på gården.,Het kuiken en de kip zijn op het erf.,Kyllingen og høna er på gårdsplassen.,Kyllingen og hønen er i gården.,Le poussin et la poule sont dans la cour.,web/audio/w2065.mp3
s0213,tiere,Malo štene spava.,Malo ___ spava.,štene,Der kleine Welpe schläft.,The little puppy is sleeping.,Küçük köpek yavrusu uyuyor.,Den lilla valpen sover.,De kleine puppy slaapt.,Den lille valpen sover.,Den lille hvalp sover.,Le petit chiot dort.,web/audio/w2066.mp3
s0214,tiere,Vidim patku na vodi.,Vidim ___ na vodi.,patku,Ich sehe die Ente auf dem Wasser.,I see the duck on the water.,Ördeği suda görüyorum.,Jag ser ankan på vattnet.,Ik zie de eend op het water.,Jeg ser anda på vannet.,Jeg ser anden på vandet.,Je vois le canard sur l'eau.,web/audio/w2067.mp3
s0215,tiere,Ptica ima gnijezdo na drvetu.,Ptica ima ___ na drvetu.,gnijezdo,Der Vogel hat ein Nest auf dem Baum.,The bird has a nest in the tree.,Kuşun ağaçta yuvası var.,Fågeln har ett bo i trädet.,De vogel heeft een nest in de boom.,Fuglen har et reir i treet.,Fuglen har en rede i træet.,L'oiseau a un nid dans l'arbre.,web/audio/w2068.mp3
s0216,tiere_wild,"Vidi, zmija!","Vidi, ___!",zmija,"Schau mal, eine Schlange!","Look, a snake!","Bak, bir yılan!","Titta, en orm!","Kijk, een slang!","Se, en slange!","Se, en slange!","Regarde, un serpent !",web/audio/w2069.mp3
s0217,tiere_wild,U šumi je medvjed.,U šumi je ___.,medvjed,Im Wald ist ein Bär.,There is a bear in the forest.,Ormanda bir ayı var.,Det finns en björn i skogen.,In het bos zit een beer.,Det er en bjørn i skogen.,Der er en bjørn i skoven.,Il y a un ours dans la forêt.,web/audio/w2070.mp3
s0218,tiere_wild,Mačka vidi miša.,Mačka vidi ___.,miša,Die Katze sieht eine Maus.,The cat sees a mouse.,Kedi bir fare görüyor.,Katten ser en mus.,De kat ziet een muis.,Katten ser en mus.,Katten ser en mus.,Le chat voit une souris.,web/audio/w2071.mp3
s0219,tiere_wild,Na cvijetu je leptir.,Na cvijetu je ___.,leptir,Auf der Blume ist ein Schmetterling.,There is a butterfly on the flower.,Çiçeğin üstünde bir kelebek var.,Det sitter en fjäril på blomman.,Op de bloem zit een vlinder.,Det er en sommerfugl på blomsten.,Der sidder en sommerfugl på blomsten.,Il y a un papillon sur la fleur.,web/audio/w2072.mp3
s0220,tiere_wild,Ovo je zmaj.,Ovo je ___.,zmaj,Das ist ein Drache.,This is a dragon.,Bu bir ejderha.,Det här är en drake.,Dit is een draak.,Dette er en drage.,Det her er en drage.,C'est un dragon.,web/audio/w2073.mp3
s0221,tiere_umgang,Mačka ima rep.,Mačka ima ___.,rep,Die Katze hat einen Schwanz.,The cat has a tail.,Kedinin kuyruğu var.,Katten har en svans.,De kat heeft een staart.,Katten har en hale.,Katten har en hale.,Le chat a une queue.,web/audio/w2074.mp3
s0222,tiere_umgang,Moj pas laje.,Moj pas ___.,laje,Mein Hund bellt.,My dog is barking.,Köpeğim havlıyor.,Min hund skäller.,Mijn hond blaft.,Hunden min bjeffer.,Min hund gør.,Mon chien aboie.,web/audio/w2075.mp3
s0223,tiere_umgang,Ja hranim mačku.,Ja ___ mačku.,hranim,Ich füttere die Katze.,I feed the cat.,Kediyi besliyorum.,Jag matar katten.,Ik voer de kat.,Jeg mater katten.,Jeg fodrer katten.,Je nourris le chat.,web/audio/w2076.mp3
s0224,tiere_umgang,Moj brat je veterinar.,Moj brat je ___.,veterinar,Mein Bruder ist Tierarzt.,My brother is a veterinarian.,Erkek kardeşim veteriner.,Min bror är veterinär.,Mijn broer is dierenarts.,Broren min er veterinær.,Min bror er dyrlæge.,Mon frère est vétérinaire.,web/audio/w2077.mp3
s0225,tiere_umgang,Gdje je povodac?,Gdje je ___?,povodac,Wo ist die Leine?,Where is the leash?,Gezdirme tasması nerede?,Var är kopplet?,Waar is de hondenlijn?,Hvor er hundebåndet?,Hvor er hundesnoren?,Où est la laisse ?,web/audio/w2078.mp3
s0226,natur,"Vidi, vodopad!","Vidi, ___!",vodopad,"Schau mal, ein Wasserfall!","Look, a waterfall!","Bak, bir şelale!","Titta, ett vattenfall!","Kijk, een waterval!","Se, en foss!","Se, et vandfald!","Regarde, une cascade !",web/audio/w2079.mp3
s0227,natur,Idemo na brdo.,Idemo na ___.,brdo,Wir gehen auf den Hügel.,We are going up the hill.,Tepeye gidiyoruz.,Vi går upp på kullen.,We gaan de heuvel op.,Vi går opp på haugen.,Vi går op på bakken.,Nous allons sur la colline.,web/audio/w2080.mp3
s0228,natur,U pećini je hladno.,U ___ je hladno.,pećini,In der Höhle ist es kalt.,It is cold in the cave.,Mağarada soğuk.,Det är kallt i grottan.,In de grot is het koud.,Det er kaldt i hula.,Der er koldt i hulen.,Il fait froid dans la grotte.,web/audio/w2081.mp3
s0229,natur,Djeca su na livadi.,Djeca su na ___.,livadi,Die Kinder sind auf der Wiese.,The children are in the meadow.,Çocuklar çayırda.,Barnen är på ängen.,De kinderen zijn in de wei.,Barna er på enga.,Børnene er på engen.,Les enfants sont dans la prairie.,web/audio/w2082.mp3
s0230,natur,Volim prirodu i more.,Volim ___ i more.,prirodu,Ich liebe die Natur und das Meer.,I love nature and the sea.,Doğayı ve denizi seviyorum.,Jag älskar naturen och havet.,Ik hou van de natuur en de zee.,Jeg elsker naturen og havet.,Jeg elsker naturen og havet.,J'aime la nature et la mer.,web/audio/w2083.mp3
s0231,kueche_bad,Voda je u flaši.,Voda je u ___.,flaši,Das Wasser ist in der Flasche.,The water is in the bottle.,Su şişede.,Vattnet är i flaskan.,Het water zit in de fles.,Vannet er i flaska.,Vandet er i flasken.,L'eau est dans la bouteille.,web/audio/w2084.mp3
s0232,kueche_bad,Ovo je moj tanjir.,Ovo je moj ___.,tanjir,Das ist mein Teller.,This is my plate.,Bu benim tabağım.,Det här är min tallrik.,Dit is mijn bord.,Dette er tallerkenen min.,Det her er min tallerken.,C'est mon assiette.,web/audio/w2085.mp3
s0233,kueche_bad,Supa je u loncu.,Supa je u ___.,loncu,Die Suppe ist im Topf.,The soup is in the pot.,Çorba tencerede.,Soppan är i kastrullen.,De soep zit in de pan.,Suppa er i gryta.,Suppen er i gryden.,La soupe est dans la marmite.,web/audio/w2086.mp3
s0234,kueche_bad,Gdje je ogledalo?,Gdje je ___?,ogledalo,Wo ist der Spiegel?,Where is the mirror?,Ayna nerede?,Var är spegeln?,Waar is de spiegel?,Hvor er speilet?,Hvor er spejlet?,Où est le miroir ?,web/audio/w2087.mp3
s0235,kueche_bad,Deka je na kauču.,Deka je na ___.,kauču,Die Bettdecke ist auf dem Sofa.,The blanket is on the sofa.,Battaniye kanepede.,Filten ligger på soffan.,De deken ligt op de bank.,Teppet ligger på sofaen.,Dynen ligger på sofaen.,La couverture est sur le canapé.,web/audio/w2088.mp3
s0236,putzen,Kupatilo je čisto.,Kupatilo je ___.,čisto,Das Bad ist sauber.,The bathroom is clean.,Banyo temiz.,Badrummet är rent.,De badkamer is schoon.,Badet er rent.,Badeværelset er rent.,La salle de bain est propre.,web/audio/w2089.mp3
s0237,putzen,Sutra peglam veš.,Sutra ___ veš.,peglam,Morgen bügle ich die Wäsche.,Tomorrow I will iron the laundry.,Yarın çamaşırları ütülüyorum.,I morgon stryker jag tvätten.,Morgen strijk ik de was.,I morgen stryker jeg tøyet.,I morgen stryger jeg tøjet.,"Demain, je repasse le linge.",web/audio/w2090.mp3
s0238,putzen,Gdje je metla?,Gdje je ___?,metla,Wo ist der Besen?,Where is the broom?,Süpürge nerede?,Var är kvasten?,Waar is de bezem?,Hvor er kosten?,Hvor er fejekosten?,Où est le balai ?,web/audio/w2091.mp3
s0239,putzen,Komšinica zvoni na vrata.,Komšinica ___ na vrata.,zvoni,Die Nachbarin klingelt an der Tür.,The neighbour is ringing the doorbell.,Kadın komşu kapının zilini çalıyor.,Grannen ringer på dörren.,De buurvrouw belt aan de deur.,Naboen ringer på døra.,Naboen ringer på døren.,La voisine sonne à la porte.,web/audio/w2092.mp3
s0240,putzen,Veš je na štriku.,Veš je na ___.,štriku,Die Wäsche ist auf der Wäscheleine.,The laundry is on the clothesline.,Çamaşırlar çamaşır ipinde.,Tvätten hänger på tvättlinan.,De was hangt aan de waslijn.,Tøyet henger på klessnora.,Tøjet hænger på tørresnoren.,Le linge est sur la corde à linge.,web/audio/w2093.mp3
s0241,technik,Nema struje.,Nema ___.,struje,Es gibt keinen Strom.,There is no electricity.,Elektrik yok.,Det finns ingen ström.,Er is geen stroom.,Det er ingen strøm.,Der er ingen strøm.,Il n'y a pas d'électricité.,web/audio/w2094.mp3
s0242,technik,Gdje je moj alat?,Gdje je moj ___?,alat,Wo ist mein Werkzeug?,Where is my tool?,Aletim nerede?,Var är mitt verktyg?,Waar is mijn gereedschap?,Hvor er verktøyet mitt?,Hvor er mit værktøj?,Où est mon outil ?,web/audio/w2095.mp3
s0243,technik,"Upali svjetlo, molim te.","Upali ___, molim te.",svjetlo,Mach bitte das Licht an.,"Turn on the light, please.","Işığı yak, lütfen.","Tänd ljuset, tack.","Doe het licht aan, alsjeblieft.","Skru på lyset, er du snill.","Tænd lyset, tak.","Allume la lumière, s'il te plaît.",web/audio/w2096.mp3
s0244,technik,Ne radi bojler.,Ne radi ___.,bojler,Der Boiler funktioniert nicht.,The boiler does not work.,Boyler çalışmıyor.,Varmvattenberedaren fungerar inte.,De boiler werkt niet.,Varmtvannsberederen virker ikke.,Vandvarmeren virker ikke.,Le chauffe-eau ne marche pas.,web/audio/w2097.mp3
s0245,technik,Ugasi grijanje.,Ugasi ___.,grijanje,Mach die Heizung aus.,Turn off the heating.,Isıtmayı kapat.,Stäng av värmen.,Doe de verwarming uit.,Skru av oppvarmingen.,Sluk for varmen.,Éteins le chauffage.,web/audio/w2098.mp3
s0246,auto_werkstatt,Moram sipati gorivo.,Moram sipati ___.,gorivo,Ich muss tanken.,I need to fill up.,Yakıt almam lazım.,Jag måste tanka.,Ik moet tanken.,Jeg må tanke.,Jeg skal tanke.,Je dois faire le plein.,web/audio/w2310.mp3
s0247,auto_werkstatt,Pukla mi je guma.,Pukla mi je ___.,guma,Ich habe einen Platten.,I have a flat tire.,Lastiğim patladı.,Jag har fått punktering.,Ik heb een lekke band.,Jeg har fått punktering.,Jeg er punkteret.,J'ai crevé.,web/audio/w2253.mp3
s0248,auto_werkstatt,Gdje mogu parkirati svoj auto?,Gdje mogu ___ svoj auto?,parkirati,Wo kann ich mein Auto parken?,Where can I park my car?,Arabamı nereye park edebilirim?,Var kan jag parkera min bil?,Waar kan ik mijn auto parkeren?,Hvor kan jeg parkere bilen min?,Hvor kan jeg parkere min bil?,Où est-ce que je peux garer ma voiture ?,web/audio/w2311.mp3
s0249,auto_werkstatt,Na semaforu je crveno.,Na ___ je crveno.,semaforu,Die Ampel ist rot.,The light is red.,Işık kırmızı.,Det är rött ljus.,Het stoplicht staat op rood.,Det er rødt lys.,Der er rødt lys.,Le feu est rouge.,web/audio/w2312.mp3
s0250,auto_werkstatt,"Daj mi kliješta, molim te.","Daj mi ___, molim te.",kliješta,Gib mir bitte die Zange.,Please hand me the pliers.,Penseyi verir misin lütfen?,"Ge mig tången, tack.","Geef me de tang even, alsjeblieft.","Gi meg tanga, er du snill.",Giv mig lige tangen.,"Passe-moi la pince, s'il te plaît.",web/audio/w2313.mp3
s0251,geraete,Koja je šifra za WiFi?,Koja je ___ za WiFi?,šifra,Wie ist das WLAN-Passwort?,What's the Wi-Fi password?,Wi-Fi şifresi ne?,Vad är wifi-lösenordet?,Wat is het wifi-wachtwoord?,Hva er wifi-passordet?,Hvad er wifi-koden?,"C'est quoi, le code wifi ?",web/audio/w2285.mp3
s0252,geraete,Baterija je prazna.,Baterija je ___.,prazna,Der Akku ist leer.,The battery is dead.,Şarjım bitti.,Batteriet är slut.,Mijn batterij is leeg.,Batteriet er tomt.,Batteriet er fladt.,Je n'ai plus de batterie.,web/audio/w2282.mp3
s0253,geraete,Gdje je moj punjač?,Gdje je moj ___?,punjač,Wo ist mein Ladegerät?,Where is my charger?,Şarj aletim nerede?,Var är min laddare?,Waar is mijn oplader?,Hvor er laderen min?,Hvor er min oplader?,Où est mon chargeur ?,web/audio/w2314.mp3
s0254,geraete,Pošalji mi poruku.,Pošalji mi ___.,poruku,Schick mir eine Nachricht.,Send me a message.,Bana mesaj at.,Skicka ett meddelande till mig.,Stuur me een bericht.,Send meg en melding.,Send mig en besked.,Envoie-moi un message.,web/audio/w2315.mp3
s0255,geraete,Ne radi mašina za suđe.,Ne radi ___ za suđe.,mašina,Die Spülmaschine funktioniert nicht.,The dishwasher isn't working.,Bulaşık makinesi çalışmıyor.,Diskmaskinen fungerar inte.,De vaatwasser doet het niet.,Oppvaskmaskinen virker ikke.,Opvaskemaskinen virker ikke.,Le lave-vaisselle ne marche pas.,web/audio/w2316.mp3
s0256,einkauf_orte,Idem u mesnicu.,Idem u ___.,mesnicu,Ich gehe in die Metzgerei.,I am going to the butcher's shop.,Kasap dükkânına gidiyorum.,Jag går till köttaffären.,Ik ga naar de slagerij.,Jeg går til slakterbutikken.,Jeg går i slagterbutikken.,Je vais à la boucherie.,web/audio/w2099.mp3
s0257,einkauf_orte,Jabuke su na akciji.,Jabuke su na ___.,akciji,Die Äpfel sind im Angebot.,The apples are on special offer.,Elmalar indirimde.,Äpplena är på erbjudande.,De appels zijn in de aanbieding.,Eplene er på tilbud.,Æblerne er på tilbud.,Les pommes sont en promotion.,web/audio/w2100.mp3
s0258,einkauf_orte,Ovo voće je svježe.,Ovo voće je ___.,svježe,Dieses Obst ist frisch.,This fruit is fresh.,Bu meyve taze.,Den här frukten är färsk.,Dit fruit is vers.,Denne frukten er fersk.,Denne frugt er frisk.,Ce fruit est frais.,web/audio/w2101.mp3
s0259,einkauf_orte,Mogu li platiti karticom?,Mogu li ___ karticom?,platiti,Kann ich mit Karte bezahlen?,Can I pay by card?,Kartla ödeyebilir miyim?,Kan jag betala med kort?,Kan ik met de pas betalen?,Kan jeg betale med kort?,Kan jeg betale med kort?,Je peux payer par carte ?,web/audio/w0269.mp3
s0260,einkauf_orte,Gdje je moj kusur?,Gdje je moj ___?,kusur,Wo ist mein Wechselgeld?,Where is my change?,Para üstüm nerede?,Var är min växel?,Waar is mijn wisselgeld?,Hvor er vekslepengene mine?,Hvor er mine byttepenge?,Où est ma monnaie ?,web/audio/w2102.mp3
s0261,resto1,Idemo u kafić.,Idemo u ___.,kafić,Wir gehen ins Café.,We are going to the café.,Kafeye gidiyoruz.,Vi går till kaféet.,We gaan naar het café.,Vi går på kafé.,Vi går på café.,Nous allons au café.,web/audio/w2103.mp3
s0262,resto1,Danas jedemo vani.,Danas jedemo ___.,vani,Heute essen wir draußen.,Today we are eating outside.,Bugün dışarıda yiyoruz.,I dag äter vi ute.,Vandaag eten we buiten.,I dag spiser vi ute.,I dag spiser vi udenfor.,"Aujourd'hui, nous mangeons dehors.",web/audio/w2104.mp3
s0263,resto1,"Sto na terasi, molim.","Sto na ___, molim.",terasi,"Einen Tisch auf der Terrasse, bitte.","A table on the terrace, please.","Terasta bir masa, lütfen.","Ett bord på terrassen, tack.","Een tafel op het terras, graag.","Et bord på terrassen, takk.","Et bord på terrassen, tak.","Une table sur la terrasse, s'il vous plaît.",web/audio/w2105.mp3
s0264,resto1,"Za mene čorbu, molim.","Za mene ___, molim.",čorbu,"Für mich eine Čorba, bitte.","A čorba for me, please.","Bana čorba, lütfen.","För mig en čorba, tack.","Voor mij een čorba, graag.","For meg en čorba, takk.","Til mig en čorba, tak.","Pour moi une čorba, s'il vous plaît.",web/audio/w2106.mp3
s0265,resto1,Želim naručiti.,Želim ___.,naručiti,Ich möchte bestellen.,I would like to order.,Sipariş vermek istiyorum.,Jag vill beställa.,Ik wil graag bestellen.,Jeg vil bestille.,Jeg vil gerne bestille.,Je voudrais commander.,web/audio/w2107.mp3
s0266,resto2,Ovo meso je ljuto.,Ovo meso je ___.,ljuto,Dieses Fleisch ist scharf.,This meat is spicy.,Bu et acı.,Det här köttet är kryddstarkt.,Dit vlees is pikant.,Dette kjøttet er sterkt.,Dette kød er stærkt.,Cette viande est piquante.,web/audio/w2321.mp3
s0267,resto2,Voće je slatko.,Voće je ___.,slatko,Das Obst ist süß.,The fruit is sweet.,Meyve tatlı.,Frukten är söt.,Het fruit is zoet.,Frukten er søt.,Frugten er sød.,Le fruit est sucré.,web/audio/w2109.mp3
s0268,resto2,Možemo li platiti odvojeno?,Možemo li platiti ___?,odvojeno,Können wir getrennt zahlen?,Can we pay separately?,Ayrı ayrı ödeyebilir miyiz?,Kan vi betala separat?,Kunnen we apart betalen?,Kan vi betale separat?,Kan vi betale hver for sig?,Nous pouvons payer séparément ?,web/audio/w2110.mp3
s0269,resto2,Jedemo zajedno.,Jedemo ___.,zajedno,Wir essen zusammen.,We are eating together.,Birlikte yiyoruz.,Vi äter tillsammans.,We eten samen.,Vi spiser sammen.,Vi spiser sammen.,Nous mangeons ensemble.,web/audio/w2111.mp3
s0270,resto2,Zadržite kusur.,Zadržite ___.,kusur,Behalten Sie das Rückgeld.,Keep the change.,Para üstü sizde kalsın.,Behåll växeln.,Houd het wisselgeld maar.,Behold vekslepengene.,Behold byttepengene.,Gardez la monnaie.,web/audio/w2112.mp3
s0271,essen_gehen,Ovo je jako ukusno.,Ovo je jako ___.,ukusno,Das ist sehr lecker.,This is very tasty.,Bu çok lezzetli.,Det här är mycket gott.,Dit is heel lekker.,Dette er veldig velsmakende.,Det her er meget lækkert.,C'est vraiment délicieux.,web/audio/w2113.mp3
s0272,essen_gehen,Idemo u restoran.,Idemo u ___.,restoran,Wir gehen ins Restaurant.,We are going to the restaurant.,Restorana gidiyoruz.,Vi går till restaurangen.,We gaan naar het restaurant.,Vi går på restaurant.,Vi går på restaurant.,Nous allons au restaurant.,web/audio/w2114.mp3
s0273,essen_gehen,Gdje je pekara?,Gdje je ___?,pekara,Wo ist die Bäckerei?,Where is the bakery?,Ekmek fırını nerede?,Var är bageriet?,Waar is de bakkerij?,Hvor er bakeriet?,Hvor er bageriet?,Où est la boulangerie ?,web/audio/w2115.mp3
s0274,essen_gehen,"Jedan litar mlijeka, molim.","Jedan ___ mlijeka, molim.",litar,"Einen Liter Milch, bitte.","One liter of milk, please.","Bir litre süt, lütfen.","En liter mjölk, tack.","Een liter melk, graag.","En liter melk, takk.","En liter mælk, tak.","Un litre de lait, s'il vous plaît.",web/audio/w2116.mp3
s0275,essen_gehen,Jedna porcija je dosta.,Jedna ___ je dosta.,porcija,Eine Portion ist genug.,One portion is enough.,Bir porsiyon yeter.,En portion räcker.,Eén portie is genoeg.,En porsjon er nok.,En portion er nok.,Une portion suffit.,web/audio/w2117.mp3
s0276,bosnisch_essen,Ja bih jedan burek.,Ja bih jedan ___.,burek,Ich hätte gern einen Burek.,I would like one burek.,Bir burek istiyorum.,Jag skulle vilja ha en burek.,Ik wil graag een burek.,Jeg vil gjerne ha en burek.,Jeg vil gerne have en burek.,Je voudrais un burek.,web/audio/w2118.mp3
s0277,bosnisch_essen,Za mene pljeskavicu.,Za mene ___.,pljeskavicu,Für mich eine Pljeskavica.,A pljeskavica for me.,Bana pljeskavica.,För mig en pljeskavica.,Voor mij een pljeskavica.,For meg en pljeskavica.,Til mig en pljeskavica.,Pour moi une pljeskavica.,web/audio/w2119.mp3
s0278,bosnisch_essen,Imate li ajvar?,Imate li ___?,ajvar,Haben Sie Ajvar?,Do you have ajvar?,Ajvar var mı?,Har ni ajvar?,Heeft u ajvar?,Har De ajvar?,Har De ajvar?,Avez-vous de l'ajvar ?,web/audio/w2120.mp3
s0279,bosnisch_essen,Ja volim sarmu.,Ja volim ___.,sarmu,Ich mag Sarma.,I like sarma.,Ben sarma severim.,Jag tycker om sarma.,Ik hou van sarma.,Jeg liker sarma.,Jeg kan godt lide sarma.,J'aime la sarma.,web/audio/w2121.mp3
s0280,bosnisch_essen,Danas jedemo grah.,Danas jedemo ___.,grah,Heute essen wir Bohneneintopf.,Today we are eating bean stew.,Bugün fasulye yiyoruz.,I dag äter vi böngryta.,Vandaag eten we bonenstoofpot.,I dag spiser vi bønnegryte.,I dag spiser vi bønnegryde.,"Aujourd'hui, nous mangeons du ragoût de haricots.",web/audio/w2122.mp3
s0281,laender,Ja sam iz Bosne.,Ja sam iz ___.,Bosne,Ich komme aus Bosnien.,I am from Bosnia.,Ben Bosna'danım.,Jag är från Bosnien.,Ik kom uit Bosnië.,Jeg er fra Bosnia.,Jeg kommer fra Bosnien.,Je viens de Bosnie.,web/audio/w1218.mp3
s0282,laender,Živim u Njemačkoj.,Živim u ___.,Njemačkoj,Ich lebe in Deutschland.,I live in Germany.,Almanya'da yaşıyorum.,Jag bor i Tyskland.,Ik woon in Duitsland.,Jeg bor i Tyskland.,Jeg bor i Tyskland.,Je vis en Allemagne.,web/audio/w2123.mp3
s0283,laender,Bosna je moja domovina.,Bosna je moja ___.,domovina,Bosnien ist meine Heimat.,Bosnia is my homeland.,Bosna benim vatanım.,Bosnien är mitt hemland.,Bosnië is mijn vaderland.,Bosnia er hjemlandet mitt.,Bosnien er mit hjemland.,La Bosnie est ma patrie.,web/audio/w2124.mp3
s0284,laender,Moj brat radi u inostranstvu.,Moj brat radi u ___.,inostranstvu,Mein Bruder arbeitet im Ausland.,My brother works abroad.,Erkek kardeşim yurt dışında çalışıyor.,Min bror arbetar utomlands.,Mijn broer werkt in het buitenland.,Broren min arbeider i utlandet.,Min bror arbejder i udlandet.,Mon frère travaille à l'étranger.,web/audio/w2125.mp3
s0285,laender,Švicarska je mala država.,Švicarska je mala ___.,država,Die Schweiz ist ein kleiner Staat.,Switzerland is a small state.,İsviçre küçük bir devlet.,Schweiz är en liten stat.,Zwitserland is een kleine staat.,Sveits er en liten stat.,Schweiz er en lille stat.,La Suisse est un petit État.,web/audio/w2126.mp3
s0286,nationalitaeten,Moja majka je Bosanka.,Moja majka je ___.,Bosanka,Meine Mutter ist Bosnierin.,My mother is Bosnian.,Annem Bosnalı.,Min mor är bosniska.,Mijn moeder is een Bosnische.,Moren min er bosnier.,Min mor er bosnier.,Ma mère est bosnienne.,web/audio/w2127.mp3
s0287,nationalitaeten,Moj muž je Nijemac.,Moj muž je ___.,Nijemac,Mein Mann ist Deutscher.,My husband is German.,Kocam Alman.,Min man är tysk.,Mijn man is een Duitser.,Mannen min er tysker.,Min mand er tysker.,Mon mari est allemand.,web/audio/w2128.mp3
s0288,nationalitaeten,Bosanski je lijep jezik.,Bosanski je lijep ___.,jezik,Bosnisch ist eine schöne Sprache.,Bosnian is a beautiful language.,Boşnakça güzel bir dil.,Bosniska är ett vackert språk.,Bosnisch is een mooie taal.,Bosnisk er et vakkert språk.,Bosnisk er et smukt sprog.,Le bosnien est une belle langue.,web/audio/w2129.mp3
s0289,nationalitaeten,Govorim njemački i bosanski.,Govorim ___ i bosanski.,njemački,Ich spreche Deutsch und Bosnisch.,I speak German and Bosnian.,Almanca ve Boşnakça konuşuyorum.,Jag talar tyska och bosniska.,Ik spreek Duits en Bosnisch.,Jeg snakker tysk og bosnisk.,Jeg taler tysk og bosnisk.,Je parle allemand et bosnien.,web/audio/w2130.mp3
s0290,nationalitaeten,Moja vjera je važna.,Moja ___ je važna.,vjera,Mein Glaube ist wichtig.,My faith is important.,İnancım önemli.,Min tro är viktig.,Mijn geloof is belangrijk.,Troen min er viktig.,Min tro er vigtig.,Ma foi est importante.,web/audio/w2131.mp3
s0291,kennenlernen,Da te upoznam: moj brat.,Da te ___: moj brat.,upoznam,Darf ich vorstellen: mein Bruder.,Let me introduce you: my brother.,Seni tanıştırayım: erkek kardeşim.,Får jag presentera: min bror.,Mag ik je voorstellen: mijn broer.,La meg gjøre deg kjent med broren min.,Må jeg præsentere: min bror.,Je te présente : mon frère.,web/audio/w2132.mp3
s0292,kennenlernen,Hoću da te posjetim.,Hoću da te ___.,posjetim,Ich will dich besuchen.,I want to visit you.,Seni ziyaret etmek istiyorum.,Jag vill besöka dig.,Ik wil je bezoeken.,Jeg vil besøke deg.,Jeg vil besøge dig.,Je veux te rendre visite.,web/audio/w2133.mp3
s0293,kennenlernen,"Molim te, oprosti mi.","Molim te, ___ mi.",oprosti,Bitte verzeih mir.,Please forgive me.,Lütfen beni affet.,"Snälla, förlåt mig.",Vergeef me alsjeblieft.,"Vær så snill, tilgi meg.",Vær sød at tilgive mig.,"S'il te plaît, pardonne-moi.",web/audio/w2134.mp3
s0294,kennenlernen,Ovo je moja koleginica.,Ovo je moja ___.,koleginica,Das ist meine Kollegin.,This is my colleague (a woman).,Bu benim kadın iş arkadaşım.,Det här är min kollega.,Dit is mijn vrouwelijke collega.,Dette er kollegaen min.,Det her er min kollega.,C'est ma collègue.,web/audio/w2135.mp3
s0295,kennenlernen,Moj babo je dobar domaćin.,Moj babo je dobar ___.,domaćin,Mein Papa ist ein guter Gastgeber.,My dad is a good host.,Babam iyi bir ev sahibi.,Min pappa är en bra värd.,Mijn papa is een goede gastheer.,Faren min er en god vert.,Min far er en god vært.,Mon papa est un bon hôte.,web/audio/w2136.mp3
s0296,kulturlevel,Nana svira harmoniku.,Nana svira ___.,harmoniku,Oma spielt Akkordeon.,Grandma plays the accordion.,Nenem akordeon çalıyor.,Mormor spelar dragspel.,Oma speelt accordeon.,Bestemor spiller trekkspill.,Bedstemor spiller harmonika.,Grand-mère joue de l'accordéon.,web/audio/w2137.mp3
s0297,kulturlevel,Plešemo kolo.,Plešemo ___.,kolo,Wir tanzen Kolo.,We are dancing kolo.,Kolo oynuyoruz.,Vi dansar kolo.,We dansen kolo.,Vi danser kolo.,Vi danser kolo.,Nous dansons le kolo.,web/audio/w2138.mp3
s0298,kulturlevel,Ova sevdalinka je jako lijepa.,Ova ___ je jako lijepa.,sevdalinka,Diese Sevdalinka ist sehr schön.,This sevdalinka is very beautiful.,Bu sevdalinka çok güzel.,Den här sevdalinkan är mycket vacker.,Deze sevdalinka is heel mooi.,Denne sevdalinkaen er veldig vakker.,Denne sevdalinka er meget smuk.,Cette sevdalinka est très belle.,web/audio/w2139.mp3
s0299,kulturlevel,"Hvala Bogu, dobro sam.","Hvala ___, dobro sam.",Bogu,"Gott sei Dank, mir geht es gut.","Thank God, I am well.","Tanrı'ya şükür, iyiyim.","Gud ske lov, jag mår bra.","God zij dank, het gaat goed met me.","Gud skje lov, jeg har det bra.","Gud ske lov, jeg har det godt.","Dieu merci, je vais bien.",web/audio/w2140.mp3
s0300,kulturlevel,Idemo na iftar kod nane.,Idemo na ___ kod nane.,iftar,Wir gehen zum Iftar zu Oma.,We are going to iftar at grandma's.,İftar için neneme gidiyoruz.,Vi går på iftar hos mormor.,We gaan naar de iftar bij oma.,Vi går på iftar hos bestemor.,Vi skal til iftar hos bedstemor.,Nous allons à l'iftar chez grand-mère.,web/audio/w2141.mp3
